
?t=4776 ms  Bits=65  FRAME: 0xAA 0xBF 0x6A 0xD5 0x6D 0xED 0x6B 0xFF | STATE=NULL
?t=4777 ms  Bits=65  FRAME: 0xAA 0xBF 0x6A 0xD5 0x6D 0xED 0x6B 0xFF | STATE=NULL
?t=4776 ms  Bits=65  FRAME: 0xAA 0xBF 0x6A 0xD5 0x6D 0xED 0x6B 0xFF | STATE=NULL
?t=4776 ms  Bits=65  FRAME: 0xAA 0xBF 0x6A 0xD5 0x6D 0xED 0x6B 0xFF | STATE=NULL
?t=4776 ms  Bits=65  FRAME: 0xAA 0xBF 0x6A 0xD5 0x6D 0xED 0x6B 0xFF | STATE=NULL
?t=4776 ms  Bits=65  FRAME: 0xAA 0xBF 0x6A 0xD5 0x6D 0xED 0x6B 0xFF | STATE=NULL
?t=5187 ms  Bits=64  FRAME: 0xAA 0xBF 0x6A 0xD5 0x6D 0xED 0x6B 0xFF | STATE=NULL
BURST led=1 horn=0

?t=4775 ms  Bits=65  FRAME: 0xAA 0xBF 0x6A 0xD5 0x6D 0xED 0x6B 0xFF | STATE=NORMAL
?t=4777 ms  Bits=65  FRAME: 0xAA 0xBF 0x6A 0xD5 0x6D 0xED 0x6B 0xFF | STATE=NORMAL
?t=4776 ms  Bits=65  FRAME: 0xAA 0xBF 0x6A 0xD5 0x6D 0xED 0x6B 0xFF | STATE=NORMAL
==============================================
   CO400 RAW PWM FRAME LOGGER v0.4.4 INV 
==============================================

?t=3712 ms  Bits=65  FRAME: 0xAA 0xBF 0x6A 0xD5 0x6D 0xED 0x6B 0xFF | STATE=NULL
?t=4775 ms  Bits=65  FRAME: 0xAA 0xBF 0x6A 0xD5 0x6D 0xED 0x6B 0xFF | STATE=NULL
?t=4776 ms  Bits=65  FRAME: 0xAA 0xBF 0x6A 0xD5 0x6D 0xED 0x6B 0xFF | STATE=NULL
?t=4777 ms  Bits=65  FRAME: 0xAA 0xBF 0x6A 0xD5 0x6D 0xED 0x6B 0xFF | STATE=NULL
?t=2531 ms  Bits=64  FRAME: 0xAA 0xBF 0xAE 0xEA 0xB6 0xEF 0x6B 0xFF | STATE=NULL
?t=596 ms  Bits=65  FRAME: 0xAA 0xBF 0xBE 0xEA 0xB6 0xEF 0x6B 0xFF | STATE=NULL
BURST led=1 horn=0

?t=4781 ms  Bits=64  FRAME: 0xAA 0xBF 0x6A 0xD5 0x6D 0xFD 0xB5 0x7F | STATE=NORMAL
?t=4782 ms  Bits=64  FRAME: 0xAA 0xBF 0x6A 0xD5 0x6D 0xFD 0xB5 0x7F | STATE=NORMAL
?t=4781 ms  Bits=63  FRAME: 0xAA 0xBF 0x6A 0xD5 0x6D 0xFD 0xB5 | STATE=NORMAL
?t=4781 ms  Bits=63  FRAME: 0xAA 0xBF 0x6A 0xD5 0x6D 0xFD 0xB5 | STATE=NORMAL
?t=4779 ms  Bits=64  FRAME: 0xAA 0xBF 0x6A 0xD5 0x6D 0xFD 0xB5 0x7F | STATE=NORMAL
?t=4776 ms  Bits=65  FRAME: 0xAA 0xBF 0x6A 0xD5 0x6D 0xED 0x6B 0xFF | STATE=NORMAL
?t=4777 ms  Bits=65  FRAME: 0xAA 0xBF 0x6A 0xD5 0x6D 0xED 0x6B 0xFF | STATE=NORMAL
?t=4776 ms  Bits=65  FRAME: 0xAA 0xBF 0x6A 0xD5 0x6D 0xED 0x6B 0xFF | STATE=NORMAL
BURST led=1 horn=0

?t=5185 ms  Bits=65  FRAME: 0xAA 0xBF 0x6A 0xD5 0x6D 0xED 0x6B 0xFF | STATE=NORMAL
?t=4777 ms  Bits=65  FRAME: 0xAA 0xBF 0x6A 0xD5 0x6D 0xED 0x6B 0xFF | STATE=NORMAL
?t=4776 ms  Bits=65  FRAME: 0xAA 0xBF 0x6A 0xD5 0x6D 0xED 0x6B 0xFF | STATE=NORMAL
?t=4776 ms  Bits=65  FRAME: 0xAA 0xBF 0x6A 0xD5 0x6D 0xED 0x6B 0xFF | STATE=NORMAL
?t=4776 ms  Bits=65  FRAME: 0xAA 0xBF 0x6A 0xD5 0x6D 0xED 0x6B 0xFF | STATE=NORMAL
?t=4777 ms  Bits=65  FRAME: 0xAA 0xBF 0x6A 0xD5 0x6D 0xED 0x6B 0xFF | STATE=NORMAL
?t=4776 ms  Bits=65  FRAME: 0xAA 0xBF 0x6A 0xD5 0x6D 0xED 0x6B 0xFF | STATE=NORMAL
?t=4776 ms  Bits=65  FRAME: 0xAA 0xBF 0x6A 0xD5 0x6D 0xED 0x6B 0xFF | STATE=NORMAL
?t=5186 ms  Bits=65  FRAME: 0xAA 0xBF 0x6A 0xD5 0x6D 0xED 0x6B 0xFF | STATE=NORMAL
BURST led=1 horn=0

?t=4776 ms  Bits=65  FRAME: 0xAA 0xBF 0x6A 0xD5 0x6D 0xED 0x6B 0xFF | STATE=NORMAL
?t=4776 ms  Bits=65  FRAME: 0xAA 0xBF 0x6A 0xD5 0x6D 0xED 0x6B 0xFF | STATE=NORMAL
?t=4776 ms  Bits=65  FRAME: 0xAA 0xBF 0x6A 0xD5 0x6D 0xED 0x6B 0xFF | STATE=NORMAL
?t=4777 ms  Bits=65  FRAME: 0xAA 0xBF 0x6A 0xD5 0x6D 0xED 0x6B 0xFF | STATE=NORMAL
?t=4776 ms  Bits=64  FRAME: 0xAA 0xBF 0x6A 0xD5 0x6D 0xED 0x6B 0xFF | STATE=NORMAL
?t=4776 ms  Bits=65  FRAME: 0xAA 0xBF 0x6A 0xD5 0x6D 0xED 0x6B 0xFF | STATE=NORMAL
?t=4777 ms  Bits=65  FRAME: 0xAA 0xBF 0x6A 0xD5 0x6D 0xED 0x6B 0xFF | STATE=NORMAL
?t=4776 ms  Bits=65  FRAME: 0xAA 0xBF 0x6A 0xD5 0x6D 0xED 0x6B 0xFF | STATE=NORMAL
?t=2531 ms  Bits=63  FRAME: 0xAA 0xBF 0xAE 0xBA 0xED 0xFB 0xDA | STATE=NORMAL
?t=2531 ms  Bits=67  FRAME: 0xAA 0xBF 0xFE 0xAA 0xDB 0xBE 0xAF 0xFD | STATE=NORMAL
BURST led=1 horn=0

?t=2843 ms  Bits=64  FRAME: 0xAA 0xBF 0x6A 0xD5 0x6D 0xFD 0xB5 0x7F | STATE=NORMAL
?t=4781 ms  Bits=63  FRAME: 0xAA 0xBF 0x6A 0xD5 0x6D 0xFD 0xB5 | STATE=NORMAL
?t=4781 ms  Bits=64  FRAME: 0xAA 0xBF 0x6A 0xD5 0x6D 0xFD 0xB5 0x7F | STATE=NORMAL
?t=4781 ms  Bits=64  FRAME: 0xAA 0xBF 0x6A 0xD5 0x6D 0xFD 0xB5 0x7F | STATE=NORMAL
?t=4781 ms  Bits=64  FRAME: 0xAA 0xBF 0x6A 0xD5 0x6D 0xFD 0xB5 0x7F | STATE=NORMAL
?t=4776 ms  Bits=65  FRAME: 0xAA 0xBF 0x6A 0xD5 0x6D 0xED 0x6B 0xFF | STATE=NORMAL
?t=4776 ms  Bits=64  FRAME: 0xAA 0xBF 0x6A 0xD5 0x6D 0xED 0x6B 0xFF | STATE=NORMAL
?t=4776 ms  Bits=65  FRAME: 0xAA 0xBF 0x6A 0xD5 0x6D 0xED 0x6B 0xFF | STATE=NORMAL
?t=5186 ms  Bits=65  FRAME: 0xAA 0xBF 0x6A 0xD5 0x6D 0xED 0x6B 0xFF | STATE=NORMAL
BURST led=1 horn=0

?t=4776 ms  Bits=65  FRAME: 0xAA 0xBF 0x6A 0xD5 0x6D 0xED 0x6B 0xFF | STATE=NORMAL
?t=4776 ms  Bits=64  FRAME: 0xAA 0xBF 0x6A 0xD5 0x6D 0xED 0x6B 0xFF | STATE=NORMAL
?t=4776 ms  Bits=65  FRAME: 0xAA 0xBF 0x6A 0xD5 0x6D 0xED 0x6B 0xFF | STATE=NORMAL
?t=4777 ms  Bits=65  FRAME: 0xAA 0xBF 0x6A 0xD5 0x6D 0xED 0x6B 0xFF | STATE=NORMAL
?t=4775 ms  Bits=64  FRAME: 0xAA 0xBF 0x6A 0xD5 0x6D 0xED 0x6B 0xFF | STATE=NORMAL
?t=4776 ms  Bits=65  FRAME: 0xAA 0xBF 0x6A 0xD5 0x6D 0xED 0x6B 0xFF | STATE=NORMAL
?t=4776 ms  Bits=64  FRAME: 0xAA 0xBF 0x6A 0xD5 0x6D 0xED 0x6B 0xFF | STATE=NORMAL
?t=4776 ms  Bits=65  FRAME: 0xAA 0xBF 0x6A 0xD5 0x6D 0xED 0x6B 0xFF | STATE=NORMAL
BURST led=1 horn=0

?t=5186 ms  Bits=65  FRAME: 0xAA 0xBF 0x6A 0xD5 0x6D 0xED 0x6B 0xFF | STATE=NORMAL
?t=4777 ms  Bits=65  FRAME: 0xAA 0xBF 0x6A 0xD5 0x6D 0xED 0x6B 0xFF | STATE=NORMAL
?t=4776 ms  Bits=65  FRAME: 0xAA 0xBF 0x6A 0xD5 0x6D 0xED 0x6B 0xFF | STATE=NORMAL
?t=4776 ms  Bits=65  FRAME: 0xAA 0xBF 0x6A 0xD5 0x6D 0xED 0x6B 0xFF | STATE=NORMAL
?t=4776 ms  Bits=65  FRAME: 0xAA 0xBF 0x6A 0xD5 0x6D 0xED 0x6B 0xFF | STATE=NORMAL
?t=4776 ms  Bits=65  FRAME: 0xAA 0xBF 0x6A 0xD5 0x6D 0xED 0x6B 0xFF | STATE=NORMAL
?t=4776 ms  Bits=65  FRAME: 0xAA 0xBF 0x6A 0xD5 0x6D 0xED 0x6B 0xFF | STATE=NORMAL
?t=4776 ms  Bits=65  FRAME: 0xAA 0xBF 0x6A 0xD5 0x6D 0xED 0x6B 0xFF | STATE=NORMAL
?t=4776 ms  Bits=65  FRAME: 0xAA 0xBF 0x6A 0xD5 0x6D 0xED 0x6B 0xFF | STATE=NORMAL
?t=2531 ms  Bits=65  FRAME: 0xAA 0xBF 0xAE 0xEA 0xB6 0xEF 0x6B 0xFF | STATE=NORMAL
?t=611 ms  Bits=66  FRAME: 0xAA 0xBF 0x7E 0xD5 0x6D 0xDF 0xD7 0xFE | STATE=NORMAL
BURST led=1 horn=0

?t=4781 ms  Bits=63  FRAME: 0xAA 0xBF 0x6A 0xD5 0xB6 0xFE 0xDA | STATE=NORMAL
?t=4780 ms  Bits=63  FRAME: 0xAA 0xBF 0x6A 0xD5 0xB6 0xFE 0xDA | STATE=NORMAL
?t=4781 ms  Bits=63  FRAME: 0xAA 0xBF 0x6A 0xD5 0xB6 0xFE 0xDA | STATE=NORMAL
?t=4781 ms  Bits=63  FRAME: 0xAA 0xBF 0x6A 0xD5 0xB6 0xFE 0xDA | STATE=NORMAL
?t=4779 ms  Bits=63  FRAME: 0xAA 0xBF 0x6A 0xD5 0xB6 0xFE 0xDA | STATE=NORMAL
?t=4776 ms  Bits=64  FRAME: 0xAA 0xBF 0x6A 0xD5 0xB6 0xF6 0xB5 0x7F | STATE=NORMAL
?t=4776 ms  Bits=64  FRAME: 0xAA 0xBF 0x6A 0xD5 0xB6 0xF6 0xB5 0x7F | STATE=NORMAL
?t=4776 ms  Bits=64  FRAME: 0xAA 0xBF 0x6A 0xD5 0xB6 0xF6 0xB5 0x7F | STATE=NORMAL
BURST led=1 horn=0

?t=5186 ms  Bits=63  FRAME: 0xAA 0xBF 0x6A 0xD5 0x5B 0xFB 0xDA | STATE=NORMAL
?t=4775 ms  Bits=64  FRAME: 0xAA 0xBF 0x6A 0xD5 0xB6 0xF6 0xB5 0x7F | STATE=NORMAL
?t=4776 ms  Bits=64  FRAME: 0xAA 0xBF 0x6A 0xD5 0xB6 0xF6 0xB5 0x7F | STATE=NORMAL
?t=4776 ms  Bits=64  FRAME: 0xAA 0xBF 0x6A 0xD5 0xB6 0xF6 0xB5 0x7F | STATE=NORMAL
?t=4776 ms  Bits=64  FRAME: 0xAA 0xBF 0x6A 0xD5 0xB6 0xF6 0xB5 0x7F | STATE=NORMAL
?t=4776 ms  Bits=64  FRAME: 0xAA 0xBF 0x6A 0xD5 0xB6 0xF6 0xB5 0x7F | STATE=NORMAL
?t=4776 ms  Bits=63  FRAME: 0xAA 0xBF 0x6A 0xD5 0xB6 0xF6 0xB5 | STATE=NORMAL
?t=4776 ms  Bits=64  FRAME: 0xAA 0xBF 0x6A 0xD5 0xB6 0xF6 0xB5 0x7F | STATE=NORMAL
?t=5186 ms  Bits=64  FRAME: 0xAA 0xBF 0x6A 0xD5 0xB6 0xF6 0xB5 0x7F | STATE=NORMAL
BURST led=1 horn=0

?t=4776 ms  Bits=64  FRAME: 0xAA 0xBF 0x6A 0xD5 0xB6 0xF6 0xB5 0x7F | STATE=NORMAL
?t=4774 ms  Bits=63  FRAME: 0xAA 0xBF 0x6A 0xD5 0xB6 0xF6 0xB5 | STATE=NORMAL
?t=4776 ms  Bits=63  FRAME: 0xAA 0xBF 0x6A 0xD5 0xB6 0xF6 0xB5 | STATE=NORMAL
?t=4776 ms  Bits=64  FRAME: 0xAA 0xBF 0x6A 0xD5 0xB6 0xF6 0xB5 0x7F | STATE=NORMAL
?t=4776 ms  Bits=64  FRAME: 0xAA 0xBF 0x6A 0xD5 0xB6 0xF6 0xB5 0x7F | STATE=NORMAL
?t=4776 ms  Bits=64  FRAME: 0xAA 0xBF 0x6A 0xD5 0xB6 0xF6 0xB5 0x7F | STATE=NORMAL
?t=4775 ms  Bits=64  FRAME: 0xAA 0xBF 0x6A 0xD5 0xB6 0xF6 0xB5 0x7F | STATE=NORMAL
?t=4776 ms  Bits=64  FRAME: 0xAA 0xBF 0x6A 0xD5 0xB6 0xF6 0xB5 0x7F | STATE=NORMAL
?t=2531 ms  Bits=62  FRAME: 0xAA 0xBF 0xAE 0xDA 0xF6 0x7D 0xED | STATE=NORMAL
?t=2531 ms  Bits=66  FRAME: 0xAA 0xBF 0xFE 0xAA 0x6D 0xDF 0xD7 0xFE | STATE=NORMAL
BURST led=1 horn=0

?t=2843 ms  Bits=63  FRAME: 0xAA 0xBF 0x6A 0xD5 0xB6 0xFE 0xDA | STATE=NORMAL
?t=4781 ms  Bits=63  FRAME: 0xAA 0xBF 0x6A 0xD5 0xB6 0xFE 0xDA | STATE=NORMAL
?t=4780 ms  Bits=63  FRAME: 0xAA 0xBF 0x6A 0xD5 0xB6 0xFE 0xDA | STATE=NORMAL
?t=4781 ms  Bits=63  FRAME: 0xAA 0xBF 0x6A 0xD5 0xB6 0xFE 0xDA | STATE=NORMAL
?t=4782 ms  Bits=63  FRAME: 0xAA 0xBF 0x6A 0xD5 0xB6 0xFE 0xDA | STATE=NORMAL
?t=4774 ms  Bits=64  FRAME: 0xAA 0xBF 0x6A 0xD5 0xB6 0xF6 0xB5 0x7F | STATE=NORMAL
?t=4776 ms  Bits=64  FRAME: 0xAA 0xBF 0x6A 0xD5 0xB6 0xF6 0xB5 0x7F | STATE=NORMAL
?t=4776 ms  Bits=64  FRAME: 0xAA 0xBF 0x6A 0xD5 0xB6 0xF6 0xB5 0x7F | STATE=NORMAL
?t=5186 ms  Bits=64  FRAME: 0xAA 0xBF 0x6A 0xD5 0xB6 0xF6 0xB5 0x7F | STATE=NORMAL
BURST led=1 horn=0

?t=4776 ms  Bits=64  FRAME: 0xAA 0xBF 0x6A 0xD5 0xB6 0xF6 0xB5 0x7F | STATE=NORMAL
?t=4775 ms  Bits=64  FRAME: 0xAA 0xBF 0x6A 0xD5 0xB6 0xF6 0xB5 0x7F | STATE=NORMAL
?t=4776 ms  Bits=63  FRAME: 0xAA 0xBF 0x6A 0xD5 0xB6 0xF6 0xB5 | STATE=NORMAL
?t=4776 ms  Bits=64  FRAME: 0xAA 0xBF 0x6A 0xD5 0xB6 0xF6 0xB5 0x7F | STATE=NORMAL
?t=4775 ms  Bits=64  FRAME: 0xAA 0xBF 0x6A 0xD5 0xB6 0xF6 0xB5 0x7F | STATE=NORMAL
?t=4775 ms  Bits=64  FRAME: 0xAA 0xBF 0x6A 0xD5 0xB6 0xF6 0xB5 0x7F | STATE=NORMAL
?t=4776 ms  Bits=64  FRAME: 0xAA 0xBF 0x6A 0xD5 0xB6 0xF6 0xB5 0x7F | STATE=NORMAL
?t=4776 ms  Bits=64  FRAME: 0xAA 0xBF 0x6A 0xD5 0xB6 0xF6 0xB5 0x7F | STATE=NORMAL
BURST led=1 horn=0

?t=5185 ms  Bits=63  FRAME: 0xAA 0xBF 0x6A 0xD5 0xB6 0xF6 0xB5 | STATE=NORMAL
?t=4776 ms  Bits=64  FRAME: 0xAA 0xBF 0x6A 0xD5 0xB6 0xF6 0xB5 0x7F | STATE=NORMAL
?t=4775 ms  Bits=64  FRAME: 0xAA 0xBF 0x6A 0xD5 0xB6 0xF6 0xB5 0x7F | STATE=NORMAL
?t=4776 ms  Bits=64  FRAME: 0xAA 0xBF 0x6A 0xD5 0xB6 0xF6 0xB5 0x7F | STATE=NORMAL
?t=4776 ms  Bits=63  FRAME: 0xAA 0xBF 0x6A 0xD5 0xB6 0xF6 0xB5 | STATE=NORMAL
?t=4774 ms  Bits=64  FRAME: 0xAA 0xBF 0x6A 0xD5 0xB6 0xF6 0xB5 0x7F | STATE=NORMAL
?t=4776 ms  Bits=63  FRAME: 0xAA 0xBF 0x6A 0xD5 0xB6 0xF6 0xB5 | STATE=NORMAL
?t=4776 ms  Bits=64  FRAME: 0xAA 0xBF 0x6A 0xD5 0xB6 0xF6 0xB5 0x7F | STATE=NORMAL
?t=4775 ms  Bits=64  FRAME: 0xAA 0xBF 0x6A 0xD5 0xB6 0xF6 0xB5 0x7F | STATE=NORMAL
?t=2531 ms  Bits=63  FRAME: 0xAA 0xBF 0xAE 0x6A 0xDB 0xF7 0xB5 | STATE=NORMAL
?t=596 ms  Bits=65  FRAME: 0xAA 0xBF 0x7E 0xD5 0xB6 0xEF 0x6B 0xFF | STATE=NORMAL
BURST led=1 horn=0

?t=4781 ms  Bits=63  FRAME: 0xAA 0xBF 0x6A 0xD5 0xB6 0xFE 0xDA | STATE=NORMAL
?t=4780 ms  Bits=63  FRAME: 0xAA 0xBF 0x6A 0xD5 0xB6 0xFE 0xDA | STATE=NORMAL
?t=4781 ms  Bits=63  FRAME: 0xAA 0xBF 0x6A 0xD5 0xB6 0xFE 0xDA | STATE=NORMAL
?t=4780 ms  Bits=63  FRAME: 0xAA 0xBF 0x6A 0xD5 0xB6 0xFE 0xDA | STATE=NORMAL
?t=4778 ms  Bits=63  FRAME: 0xAA 0xBF 0x6A 0xD5 0xB6 0xFE 0xDA | STATE=NORMAL
?t=4776 ms  Bits=64  FRAME: 0xAA 0xBF 0x6A 0xD5 0xB6 0xF6 0xB5 0x7F | STATE=NORMAL
?t=4775 ms  Bits=64  FRAME: 0xAA 0xBF 0x6A 0xD5 0xB6 0xF6 0xB5 0x7F | STATE=NORMAL
?t=4775 ms  Bits=64  FRAME: 0xAA 0xBF 0x6A 0xD5 0xB6 0xF6 0xB5 0x7F | STATE=NORMAL
BURST led=1 horn=0

?t=5186 ms  Bits=64  FRAME: 0xAA 0xBF 0x6A 0xD5 0xB6 0xF6 0xB5 0x7F | STATE=NORMAL
?t=4775 ms  Bits=64  FRAME: 0xAA 0xBF 0x6A 0xD5 0xB6 0xF6 0xB5 0x7F | STATE=NORMAL
?t=4776 ms  Bits=64  FRAME: 0xAA 0xBF 0x6A 0xD5 0xB6 0xF6 0xB5 0x7F | STATE=NORMAL
?t=4775 ms  Bits=64  FRAME: 0xAA 0xBF 0x6A 0xD5 0xB6 0xF6 0xB5 0x7F | STATE=NORMAL
?t=4776 ms  Bits=64  FRAME: 0xAA 0xBF 0x6A 0xD5 0xB6 0xF6 0xB5 0x7F | STATE=NORMAL
?t=4776 ms  Bits=63  FRAME: 0xAA 0xBF 0x6A 0xD5 0xB6 0xF6 0xB5 | STATE=NORMAL
?t=4775 ms  Bits=64  FRAME: 0xAA 0xBF 0x6A 0xD5 0xB6 0xF6 0xB5 0x7F | STATE=NORMAL
?t=4775 ms  Bits=63  FRAME: 0xAA 0xBF 0x6A 0xD5 0xB6 0xF6 0xB5 | STATE=NORMAL
?t=5186 ms  Bits=64  FRAME: 0xAA 0xBF 0x6A 0xD5 0xB6 0xF6 0xB5 0x7F | STATE=NORMAL
BURST led=1 horn=0

?t=4775 ms  Bits=64  FRAME: 0xAA 0xBF 0x6A 0xD5 0xB6 0xF6 0xB5 0x7F | STATE=NORMAL
?t=4776 ms  Bits=64  FRAME: 0xAA 0xBF 0x6A 0xD5 0xB6 0xF6 0xB5 0x7F | STATE=NORMAL
?t=4775 ms  Bits=64  FRAME: 0xAA 0xBF 0x6A 0xD5 0xB6 0xF6 0xB5 0x7F | STATE=NORMAL
?t=4776 ms  Bits=63  FRAME: 0xAA 0xBF 0x6A 0xD5 0xB6 0xF6 0xB5 | STATE=NORMAL
?t=4776 ms  Bits=64  FRAME: 0xAA 0xBF 0x6A 0xD5 0xB6 0xF6 0xB5 0x7F | STATE=NORMAL
?t=4775 ms  Bits=64  FRAME: 0xAA 0xBF 0x6A 0xD5 0xB6 0xF6 0xB5 0x7F | STATE=NORMAL
?t=4775 ms  Bits=63  FRAME: 0xAA 0xBF 0x6A 0xD5 0xB6 0xF6 0xB5 | STATE=NORMAL
?t=4775 ms  Bits=64  FRAME: 0xAA 0xBF 0x6A 0xD5 0xB6 0xF6 0xB5 0x7F | STATE=NORMAL
?t=2532 ms  Bits=61  FRAME: 0xAA 0xBF 0xAE 0xDA 0xF6 0x7D 0xED | STATE=NORMAL
?t=2529 ms  Bits=66  FRAME: 0xAA 0xBF 0xFE 0xAA 0x6D 0xDF 0xD7 0xFE | STATE=NORMAL
BURST led=1 horn=0

?t=2844 ms  Bits=62  FRAME: 0xAA 0xBF 0x6A 0xD5 0xB6 0xFE 0xDA | STATE=NORMAL
?t=4780 ms  Bits=63  FRAME: 0xAA 0xBF 0x6A 0xD5 0xB6 0xFE 0xDA | STATE=NORMAL
?t=4781 ms  Bits=62  FRAME: 0xAA 0xBF 0x6A 0xD5 0xB6 0xFE 0xDA | STATE=NORMAL
?t=4780 ms  Bits=62  FRAME: 0xAA 0xBF 0x6A 0xD5 0xB6 0xFE 0xDA | STATE=NORMAL
?t=4780 ms  Bits=63  FRAME: 0xAA 0xBF 0x6A 0xD5 0xB6 0xFE 0xDA | STATE=NORMAL
?t=4776 ms  Bits=64  FRAME: 0xAA 0xBF 0x6A 0xD5 0xB6 0xF6 0xB5 0x7F | STATE=NORMAL
?t=4775 ms  Bits=64  FRAME: 0xAA 0xBF 0x6A 0xD5 0xB6 0xF6 0xB5 0x7F | STATE=NORMAL
?t=4776 ms  Bits=64  FRAME: 0xAA 0xBF 0x6A 0xD5 0xB6 0xF6 0xB5 0x7F | STATE=NORMAL
?t=5199 ms  Bits=63  FRAME: 0xAA 0xBF 0x6A 0xD5 0xB6 0xF6 0xB5 | STATE=NORMAL
BURST led=1 horn=0

?t=4776 ms  Bits=65  FRAME: 0xAA 0xBF 0x6A 0xD5 0x6D 0xED 0x6B 0xFF | STATE=NORMAL
?t=4776 ms  Bits=65  FRAME: 0xAA 0xBF 0x6A 0xD5 0x6D 0xED 0x6B 0xFF | STATE=NORMAL
?t=4775 ms  Bits=65  FRAME: 0xAA 0xBF 0x6A 0xD5 0x6D 0xED 0x6B 0xFF | STATE=NORMAL
?t=4775 ms  Bits=65  FRAME: 0xAA 0xBF 0x6A 0xD5 0x6D 0xED 0x6B 0xFF | STATE=NORMAL
?t=4776 ms  Bits=65  FRAME: 0xAA 0xBF 0x6A 0xD5 0x6D 0xED 0x6B 0xFF | STATE=NORMAL
?t=4776 ms  Bits=65  FRAME: 0xAA 0xBF 0x6A 0xD5 0x6D 0xED 0x6B 0xFF | STATE=NORMAL
?t=4775 ms  Bits=65  FRAME: 0xAA 0xBF 0x6A 0xD5 0x6D 0xED 0x6B 0xFF | STATE=NORMAL
?t=4776 ms  Bits=65  FRAME: 0xAA 0xBF 0x6A 0xD5 0x6D 0xED 0x6B 0xFF | STATE=NORMAL
BURST led=1 horn=0

?t=5185 ms  Bits=65  FRAME: 0xAA 0xBF 0x6A 0xD5 0x6D 0xED 0x6B 0xFF | STATE=NORMAL
?t=4776 ms  Bits=64  FRAME: 0xAA 0xBF 0x6A 0xD5 0x6D 0xED 0x6B 0xFF | STATE=NORMAL
?t=4775 ms  Bits=65  FRAME: 0xAA 0xBF 0x6A 0xD5 0x6D 0xED 0x6B 0xFF | STATE=NORMAL
?t=4776 ms  Bits=65  FRAME: 0xAA 0xBF 0x6A 0xD5 0x6D 0xED 0x6B 0xFF | STATE=NORMAL
?t=4775 ms  Bits=64  FRAME: 0xAA 0xBF 0x6A 0xD5 0x6D 0xED 0x6B 0xFF | STATE=NORMAL
?t=4776 ms  Bits=64  FRAME: 0xAA 0xBF 0x6A 0xD5 0xB7 0xF6 0xB5 0x7F | STATE=NORMAL
?t=4776 ms  Bits=65  FRAME: 0xAA 0xBF 0x6A 0xD5 0x6D 0xED 0x6B 0xFF | STATE=NORMAL
?t=4775 ms  Bits=65  FRAME: 0xAA 0xBF 0x6A 0xD5 0x6D 0xED 0x6B 0xFF | STATE=NORMAL
?t=4776 ms  Bits=64  FRAME: 0xAA 0xBF 0x6A 0xD5 0x6D 0xED 0x6B 0xFF | STATE=NORMAL
?t=2530 ms  Bits=65  FRAME: 0xAA 0xBF 0xAE 0xEA 0xB6 0xEF 0x6B 0xFF | STATE=NORMAL
?t=596 ms  Bits=66  FRAME: 0xAA 0xBF 0x7E 0xD5 0x6D 0xDF 0xD7 0xFE | STATE=NORMAL
BURST led=1 horn=0

?t=4780 ms  Bits=64  FRAME: 0xAA 0xBF 0x6A 0xD5 0x6D 0xFD 0xB5 0x7F | STATE=NORMAL
?t=4781 ms  Bits=64  FRAME: 0xAA 0xBF 0x6A 0xD5 0x6D 0xFD 0xB5 0x7F | STATE=NORMAL
?t=4780 ms  Bits=64  FRAME: 0xAA 0xBF 0x6A 0xD5 0x6D 0xFD 0xB5 0x7F | STATE=NORMAL
?t=4781 ms  Bits=64  FRAME: 0xAA 0xBF 0x6A 0xD5 0x6D 0xFD 0xB5 0x7F | STATE=NORMAL
?t=4778 ms  Bits=64  FRAME: 0xAA 0xBF 0x6A 0xD5 0x6D 0xFD 0xB5 0x7F | STATE=NORMAL
?t=4776 ms  Bits=65  FRAME: 0xAA 0xBF 0x6A 0xD5 0x6D 0xED 0x6B 0xFF | STATE=NORMAL
?t=4775 ms  Bits=65  FRAME: 0xAA 0xBF 0x6A 0xD5 0x6D 0xED 0x6B 0xFF | STATE=NORMAL
?t=4776 ms  Bits=65  FRAME: 0xAA 0xBF 0x6A 0xD5 0x6D 0xED 0x6B 0xFF | STATE=NORMAL
BURST led=1 horn=0

?t=5186 ms  Bits=65  FRAME: 0xAA 0xBF 0x6A 0xD5 0x6D 0xED 0x6B 0xFF | STATE=NORMAL
?t=4774 ms  Bits=65  FRAME: 0xAA 0xBF 0x6A 0xD5 0x6D 0xED 0x6B 0xFF | STATE=NORMAL
?t=4776 ms  Bits=65  FRAME: 0xAA 0xBF 0x6A 0xD5 0x6D 0xED 0x6B 0xFF | STATE=NORMAL
?t=4775 ms  Bits=65  FRAME: 0xAA 0xBF 0x6A 0xD5 0x6D 0xED 0x6B 0xFF | STATE=NORMAL
?t=4776 ms  Bits=65  FRAME: 0xAA 0xBF 0x6A 0xD5 0x6D 0xED 0x6B 0xFF | STATE=NORMAL
?t=4776 ms  Bits=65  FRAME: 0xAA 0xBF 0x6A 0xD5 0x6D 0xED 0x6B 0xFF | STATE=NORMAL
?t=4776 ms  Bits=64  FRAME: 0xAA 0xBF 0x6A 0xD5 0x6D 0xED 0x6B 0xFF | STATE=NORMAL
?t=4775 ms  Bits=64  FRAME: 0xAA 0xBF 0x6A 0xD5 0x6D 0xED 0x6B 0xFF | STATE=NORMAL
?t=5186 ms  Bits=65  FRAME: 0xAA 0xBF 0x6A 0xD5 0x6D 0xED 0x6B 0xFF | STATE=NORMAL
BURST led=1 horn=0

?t=4776 ms  Bits=65  FRAME: 0xAA 0xBF 0x6A 0xD5 0x6D 0xED 0x6B 0xFF | STATE=NORMAL
?t=4774 ms  Bits=64  FRAME: 0xAA 0xBF 0x6A 0xD5 0x6D 0xED 0x6B 0xFF | STATE=NORMAL
?t=4776 ms  Bits=65  FRAME: 0xAA 0xBF 0x6A 0xD5 0x6D 0xED 0x6B 0xFF | STATE=NORMAL
?t=4775 ms  Bits=65  FRAME: 0xAA 0xBF 0x6A 0xD5 0x6D 0xED 0x6B 0xFF | STATE=NORMAL
?t=4776 ms  Bits=65  FRAME: 0xAA 0xBF 0x6A 0xD5 0x6D 0xED 0x6B 0xFF | STATE=NORMAL
?t=4775 ms  Bits=64  FRAME: 0xAA 0xBF 0x6A 0xD5 0x6D 0xED 0x6B 0xFF | STATE=NORMAL
?t=4776 ms  Bits=65  FRAME: 0xAA 0xBF 0x6A 0xD5 0x6D 0xED 0x6B 0xFF | STATE=NORMAL
?t=4775 ms  Bits=65  FRAME: 0xAA 0xBF 0x6A 0xD5 0x6D 0xED 0x6B 0xFF | STATE=NORMAL
?t=2531 ms  Bits=63  FRAME: 0xAA 0xBF 0xAE 0xBA 0xED 0xFB 0xDA | STATE=NORMAL
?t=2531 ms  Bits=67  FRAME: 0xAA 0xBF 0xFE 0xAA 0xDB 0xBE 0xAF 0xFD | STATE=NORMAL
BURST led=1 horn=0

?t=2842 ms  Bits=64  FRAME: 0xAA 0xBF 0x6A 0xD5 0x6D 0xFD 0xB5 0x7F | STATE=NORMAL
?t=4781 ms  Bits=64  FRAME: 0xAA 0xBF 0x6A 0xD5 0x6D 0xFD 0xB5 0x7F | STATE=NORMAL
?t=4780 ms  Bits=64  FRAME: 0xAA 0xBF 0x6A 0xD5 0x6D 0xFD 0xB5 0x7F | STATE=NORMAL
?t=4781 ms  Bits=64  FRAME: 0xAA 0xBF 0x6A 0xD5 0x6D 0xFD 0xB5 0x7F | STATE=NORMAL
?t=4780 ms  Bits=63  FRAME: 0xAA 0xBF 0x6A 0xD5 0x6D 0xFD 0xB5 | STATE=NORMAL
?t=4776 ms  Bits=65  FRAME: 0xAA 0xBF 0x6A 0xD5 0x6D 0xED 0x6B 0xFF | STATE=NORMAL
?t=4776 ms  Bits=65  FRAME: 0xAA 0xBF 0x6A 0xD5 0x6D 0xED 0x6B 0xFF | STATE=NORMAL
?t=4775 ms  Bits=65  FRAME: 0xAA 0xBF 0x6A 0xD5 0x6D 0xED 0x6B 0xFF | STATE=NORMAL
?t=5186 ms  Bits=65  FRAME: 0xAA 0xBF 0x6A 0xD5 0x6D 0xED 0x6B 0xFF | STATE=NORMAL
BURST led=1 horn=0

?t=4776 ms  Bits=64  FRAME: 0xAA 0xBF 0x6A 0xD5 0x6D 0xED 0x6B 0xFF | STATE=NORMAL
?t=4775 ms  Bits=65  FRAME: 0xAA 0xBF 0x6A 0xD5 0x6D 0xED 0x6B 0xFF | STATE=NORMAL
?t=4776 ms  Bits=64  FRAME: 0xAA 0xBF 0x6A 0xD5 0x6D 0xED 0x6B 0xFF | STATE=NORMAL
?t=4774 ms  Bits=65  FRAME: 0xAA 0xBF 0x6A 0xD5 0x6D 0xED 0x6B 0xFF | STATE=NORMAL
?t=4776 ms  Bits=65  FRAME: 0xAA 0xBF 0x6A 0xD5 0x6D 0xED 0x6B 0xFF | STATE=NORMAL
?t=4776 ms  Bits=65  FRAME: 0xAA 0xBF 0x6A 0xD5 0x6D 0xED 0x6B 0xFF | STATE=NORMAL
?t=4775 ms  Bits=65  FRAME: 0xAA 0xBF 0x6A 0xD5 0x6D 0xED 0x6B 0xFF | STATE=NORMAL
?t=4776 ms  Bits=65  FRAME: 0xAA 0xBF 0x6A 0xD5 0x6D 0xED 0x6B 0xFF | STATE=NORMAL
BURST led=1 horn=0

?t=5185 ms  Bits=65  FRAME: 0xAA 0xBF 0x6A 0xD5 0x6D 0xED 0x6B 0xFF | STATE=NORMAL
?t=4776 ms  Bits=65  FRAME: 0xAA 0xBF 0x6A 0xD5 0x6D 0xED 0x6B 0xFF | STATE=NORMAL
?t=4775 ms  Bits=65  FRAME: 0xAA 0xBF 0x6A 0xD5 0x6D 0xED 0x6B 0xFF | STATE=NORMAL
?t=4775 ms  Bits=64  FRAME: 0xAA 0xBF 0x6A 0xD5 0x6D 0xED 0x6B 0xFF | STATE=NORMAL
?t=4775 ms  Bits=65  FRAME: 0xAA 0xBF 0x6A 0xD5 0x6D 0xED 0x6B 0xFF | STATE=NORMAL
?t=4776 ms  Bits=65  FRAME: 0xAA 0xBF 0x6A 0xD5 0x6D 0xED 0x6B 0xFF | STATE=NORMAL
?t=4775 ms  Bits=65  FRAME: 0xAA 0xBF 0x6A 0xD5 0x6D 0xED 0x6B 0xFF | STATE=NORMAL
?t=4776 ms  Bits=65  FRAME: 0xAA 0xBF 0x6A 0xD5 0x6D 0xED 0x6B 0xFF | STATE=NORMAL
?t=4776 ms  Bits=65  FRAME: 0xAA 0xBF 0x6A 0xD5 0x6D 0xED 0x6B 0xFF | STATE=NORMAL
?t=2529 ms  Bits=65  FRAME: 0xAA 0xBF 0xAE 0xEA 0xB6 0xEF 0x6B 0xFF | STATE=NORMAL
?t=597 ms  Bits=66  FRAME: 0xAA 0xBF 0x7E 0xD5 0x6D 0xDF 0xD7 0xFE | STATE=NORMAL
BURST led=1 horn=0

?t=4780 ms  Bits=64  FRAME: 0xAA 0xBF 0x6A 0xD5 0x6D 0xFD 0xB5 0x7F | STATE=NORMAL
?t=4781 ms  Bits=64  FRAME: 0xAA 0xBF 0x6A 0xD5 0x6D 0xFD 0xB5 0x7F | STATE=NORMAL
?t=4780 ms  Bits=64  FRAME: 0xAA 0xBF 0x6A 0xD5 0x6D 0xFD 0xB5 0x7F | STATE=NORMAL
?t=4782 ms  Bits=64  FRAME: 0xAA 0xBF 0x6A 0xD5 0x6D 0xFD 0xB5 0x7F | STATE=NORMAL
?t=4778 ms  Bits=64  FRAME: 0xAA 0xBF 0x6A 0xD5 0x6D 0xFD 0xB5 0x7F | STATE=NORMAL
?t=4775 ms  Bits=65  FRAME: 0xAA 0xBF 0x6A 0xD5 0x6D 0xED 0x6B 0xFF | STATE=NORMAL
?t=4776 ms  Bits=65  FRAME: 0xAA 0xBF 0x6A 0xD5 0x6D 0xED 0x6B 0xFF | STATE=NORMAL
?t=4775 ms  Bits=65  FRAME: 0xAA 0xBF 0x6A 0xD5 0x6D 0xED 0x6B 0xFF | STATE=NORMAL
BURST led=1 horn=0

?t=5186 ms  Bits=65  FRAME: 0xAA 0xBF 0x6A 0xD5 0x6D 0xED 0x6B 0xFF | STATE=NORMAL
?t=4776 ms  Bits=64  FRAME: 0xAA 0xBF 0x6A 0xD5 0x6D 0xED 0x6B 0xFF | STATE=NORMAL
?t=4775 ms  Bits=65  FRAME: 0xAA 0xBF 0x6A 0xD5 0x6D 0xED 0x6B 0xFF | STATE=NORMAL
?t=4776 ms  Bits=65  FRAME: 0xAA 0xBF 0x6A 0xD5 0x6D 0xED 0x6B 0xFF | STATE=NORMAL
?t=4776 ms  Bits=65  FRAME: 0xAA 0xBF 0x6A 0xD5 0x6D 0xED 0x6B 0xFF | STATE=NORMAL
?t=4775 ms  Bits=65  FRAME: 0xAA 0xBF 0x6A 0xD5 0x6D 0xED 0x6B 0xFF | STATE=NORMAL
?t=4775 ms  Bits=65  FRAME: 0xAA 0xBF 0x6A 0xD5 0x6D 0xED 0x6B 0xFF | STATE=NORMAL
?t=4776 ms  Bits=65  FRAME: 0xAA 0xBF 0x6A 0xD5 0x6D 0xED 0x6B 0xFF | STATE=NORMAL
?t=5200 ms  Bits=64  FRAME: 0xAA 0xBF 0x6A 0xD5 0x6D 0xED 0x6B 0xFF | STATE=NORMAL
BURST led=1 horn=0

?t=4776 ms  Bits=64  FRAME: 0xAA 0xBF 0x6A 0xD5 0xB6 0xF6 0xB5 0x7F | STATE=NORMAL
?t=4776 ms  Bits=64  FRAME: 0xAA 0xBF 0x6A 0xD5 0xB6 0xF6 0xB5 0x7F | STATE=NORMAL
?t=4775 ms  Bits=64  FRAME: 0xAA 0xBF 0x6A 0xD5 0xB6 0xF6 0xB5 0x7F | STATE=NORMAL
?t=4776 ms  Bits=64  FRAME: 0xAA 0xBF 0x6A 0xD5 0xB6 0xF6 0xB5 0x7F | STATE=NORMAL
?t=4776 ms  Bits=64  FRAME: 0xAA 0xBF 0x6A 0xD5 0xB6 0xF6 0xB5 0x7F | STATE=NORMAL
?t=4775 ms  Bits=63  FRAME: 0xAA 0xBF 0x6A 0xD5 0xB6 0xF6 0xB5 | STATE=NORMAL
?t=4776 ms  Bits=64  FRAME: 0xAA 0xBF 0x6A 0xD5 0xB6 0xF6 0xB5 0x7F | STATE=NORMAL
?t=4776 ms  Bits=64  FRAME: 0xAA 0xBF 0x6A 0xD5 0xB6 0xF6 0xB5 0x7F | STATE=NORMAL
?t=2530 ms  Bits=62  FRAME: 0xAA 0xBF 0xAE 0xDA 0xF6 0x7D 0xED | STATE=NORMAL
?t=2530 ms  Bits=66  FRAME: 0xAA 0xBF 0xFE 0xAA 0x6D 0xDF 0xD7 0xFE | STATE=NORMAL
BURST led=1 horn=0

?t=2844 ms  Bits=63  FRAME: 0xAA 0xBF 0x6A 0xD5 0xB6 0xFE 0xDA | STATE=NORMAL
?t=4780 ms  Bits=63  FRAME: 0xAA 0xBF 0x6A 0xD5 0xB6 0xFE 0xDA | STATE=NORMAL
?t=4781 ms  Bits=63  FRAME: 0xAA 0xBF 0x6A 0xD5 0xB6 0xFE 0xDA | STATE=NORMAL
?t=4781 ms  Bits=63  FRAME: 0xAA 0xBF 0x6A 0xD5 0xB6 0xFE 0xDA | STATE=NORMAL
?t=4780 ms  Bits=63  FRAME: 0xAA 0xBF 0x6A 0xD5 0xB6 0xFE 0xDA | STATE=NORMAL
?t=4776 ms  Bits=64  FRAME: 0xAA 0xBF 0x6A 0xD5 0xB6 0xF6 0xB5 0x7F | STATE=NORMAL
?t=4776 ms  Bits=64  FRAME: 0xAA 0xBF 0x6A 0xD5 0xB6 0xF6 0xB5 0x7F | STATE=NORMAL
?t=4775 ms  Bits=64  FRAME: 0xAA 0xBF 0x6A 0xD5 0xB6 0xF6 0xB5 0x7F | STATE=NORMAL
?t=5185 ms  Bits=64  FRAME: 0xAA 0xBF 0x6A 0xD5 0xB6 0xF6 0xB5 0x7F | STATE=NORMAL
BURST led=1 horn=0

?t=4776 ms  Bits=64  FRAME: 0xAA 0xBF 0x6A 0xD5 0xB6 0xF6 0xB5 0x7F | STATE=NORMAL
?t=4776 ms  Bits=64  FRAME: 0xAA 0xBF 0x6A 0xD5 0xB6 0xF6 0xB5 0x7F | STATE=NORMAL
?t=4776 ms  Bits=64  FRAME: 0xAA 0xBF 0x6A 0xD5 0xB6 0xF6 0xB5 0x7F | STATE=NORMAL
?t=4775 ms  Bits=64  FRAME: 0xAA 0xBF 0x6A 0xD5 0xB6 0xF6 0xB5 0x7F | STATE=NORMAL
?t=4776 ms  Bits=64  FRAME: 0xAA 0xBF 0x6A 0xD5 0xB6 0xF6 0xB5 0x7F | STATE=NORMAL
?t=4776 ms  Bits=64  FRAME: 0xAA 0xBF 0x6A 0xD5 0xB6 0xF6 0xB5 0x7F | STATE=NORMAL
?t=4775 ms  Bits=64  FRAME: 0xAA 0xBF 0x6A 0xD5 0xB6 0xF6 0xB5 0x7F | STATE=NORMAL
?t=4776 ms  Bits=64  FRAME: 0xAA 0xBF 0x6A 0xD5 0xB6 0xF6 0xB5 0x7F | STATE=NORMAL
BURST led=1 horn=0

?t=5185 ms  Bits=64  FRAME: 0xAA 0xBF 0x6A 0xD5 0xB6 0xF6 0xB5 0x7F | STATE=NORMAL
?t=4776 ms  Bits=64  FRAME: 0xAA 0xBF 0x6A 0xD5 0xB6 0xF6 0xB5 0x7F | STATE=NORMAL
?t=4775 ms  Bits=64  FRAME: 0xAA 0xBF 0x6A 0xD5 0xB6 0xF6 0xB5 0x7F | STATE=NORMAL
?t=4776 ms  Bits=63  FRAME: 0xAA 0xBF 0x6A 0xD5 0xB6 0xF6 0xB5 | STATE=NORMAL
?t=4775 ms  Bits=64  FRAME: 0xAA 0xBF 0x6A 0xD5 0xB6 0xF6 0xB5 0x7F | STATE=NORMAL
?t=4776 ms  Bits=64  FRAME: 0xAA 0xBF 0x6A 0xD5 0xB6 0xF6 0xB5 0x7F | STATE=NORMAL
?t=4776 ms  Bits=64  FRAME: 0xAA 0xBF 0x6A 0xD5 0xB6 0xF6 0xB5 0x7F | STATE=NORMAL
?t=4775 ms  Bits=64  FRAME: 0xAA 0xBF 0x6A 0xD5 0xB6 0xF6 0xB5 0x7F | STATE=NORMAL
?t=4776 ms  Bits=64  FRAME: 0xAA 0xBF 0x6A 0xD5 0xB6 0xF6 0xB5 0x7F | STATE=NORMAL
?t=2530 ms  Bits=65  FRAME: 0xAA 0xBF 0x7E 0xD5 0xB6 0xEF 0x6B 0xFF | STATE=NORMAL
?t=596 ms  Bits=64  FRAME: 0xAA 0xBF 0x7E 0xD5 0xB6 0xEF 0x6B 0xFF | STATE=NORMAL
BURST led=1 horn=0

?t=4781 ms  Bits=63  FRAME: 0xAA 0xBF 0x6A 0xD5 0xB6 0xFE 0xDA | STATE=NORMAL
?t=4780 ms  Bits=63  FRAME: 0xAA 0xBF 0x6A 0xD5 0xB6 0xFE 0xDA | STATE=NORMAL
?t=4781 ms  Bits=62  FRAME: 0xAA 0xBF 0x6A 0xD5 0xB6 0xFE 0xDA | STATE=NORMAL
?t=4780 ms  Bits=62  FRAME: 0xAA 0xBF 0x6A 0xD5 0xB6 0xFE 0xDA | STATE=NORMAL
?t=4778 ms  Bits=63  FRAME: 0xAA 0xBF 0x6A 0xD5 0xB6 0xFE 0xDA | STATE=NORMAL
?t=4776 ms  Bits=63  FRAME: 0xAA 0xBF 0x6A 0xD5 0xB6 0xF6 0xB5 | STATE=NORMAL
?t=4776 ms  Bits=63  FRAME: 0xAA 0xBF 0x6A 0xD5 0xB6 0xF6 0xB5 | STATE=NORMAL
?t=4776 ms  Bits=64  FRAME: 0xAA 0xBF 0x6A 0xD5 0xB6 0xF6 0xB5 0x7F | STATE=NORMAL
BURST led=1 horn=0

?t=5186 ms  Bits=64  FRAME: 0xAA 0xBF 0x6A 0xD5 0xB6 0xF6 0xB5 0x7F | STATE=NORMAL
?t=4776 ms  Bits=64  FRAME: 0xAA 0xBF 0x6A 0xD5 0xB6 0xF6 0xB5 0x7F | STATE=NORMAL
?t=4774 ms  Bits=64  FRAME: 0xAA 0xBF 0x6A 0xD5 0xB6 0xF6 0xB5 0x7F | STATE=NORMAL
?t=4776 ms  Bits=64  FRAME: 0xAA 0xBF 0x6A 0xD5 0xB6 0xF6 0xB5 0x7F | STATE=NORMAL
?t=4776 ms  Bits=64  FRAME: 0xAA 0xBF 0x6A 0xD5 0xB6 0xF6 0xB5 0x7F | STATE=NORMAL
?t=4776 ms  Bits=64  FRAME: 0xAA 0xBF 0x6A 0xD5 0xB6 0xF6 0xB5 0x7F | STATE=NORMAL
?t=4776 ms  Bits=64  FRAME: 0xAA 0xBF 0x6A 0xD5 0xB6 0xF6 0xB5 0x7F | STATE=NORMAL
?t=4775 ms  Bits=63  FRAME: 0xAA 0xBF 0x6A 0xD5 0xB6 0xF6 0xB5 | STATE=NORMAL
?t=5186 ms  Bits=64  FRAME: 0xAA 0xBF 0x6A 0xD5 0xB6 0xF6 0xB5 0x7F | STATE=NORMAL
BURST led=1 horn=0

?t=4776 ms  Bits=64  FRAME: 0xAA 0xBF 0x6A 0xD5 0xB6 0xF6 0xB5 0x7F | STATE=NORMAL
?t=4774 ms  Bits=63  FRAME: 0xAA 0xBF 0x6A 0xD5 0xB6 0xF6 0xB5 | STATE=NORMAL
?t=4776 ms  Bits=64  FRAME: 0xAA 0xBF 0x6A 0xD5 0xB6 0xF6 0xB5 0x7F | STATE=NORMAL
?t=4775 ms  Bits=64  FRAME: 0xAA 0xBF 0x6A 0xD5 0xB6 0xF6 0xB5 0x7F | STATE=NORMAL
?t=4776 ms  Bits=64  FRAME: 0xAA 0xBF 0x6A 0xD5 0xB6 0xF6 0xB5 0x7F | STATE=NORMAL
?t=4776 ms  Bits=64  FRAME: 0xAA 0xBF 0x6A 0xD5 0xB6 0xF6 0xB5 0x7F | STATE=NORMAL
?t=4775 ms  Bits=64  FRAME: 0xAA 0xBF 0x6A 0xD5 0xB6 0xF6 0xB5 0x7F | STATE=NORMAL
?t=4776 ms  Bits=64  FRAME: 0xAA 0xBF 0x6A 0xD5 0xB6 0xF6 0xB5 0x7F | STATE=NORMAL
?t=2531 ms  Bits=62  FRAME: 0xAA 0xBF 0xAE 0xDA 0xF6 0x7D 0xED | STATE=NORMAL
?t=2530 ms  Bits=65  FRAME: 0xAA 0xBF 0xFE 0xAA 0x6D 0xDF 0xD7 0xFE | STATE=NORMAL
BURST led=1 horn=0

?t=2843 ms  Bits=62  FRAME: 0xAA 0xBF 0x6A 0xD5 0xB6 0xFE 0xDA | STATE=NORMAL
?t=4780 ms  Bits=62  FRAME: 0xAA 0xBF 0x6A 0xD5 0xB6 0xFE 0xDA | STATE=NORMAL
?t=4781 ms  Bits=63  FRAME: 0xAA 0xBF 0x6A 0xD5 0xB6 0xFE 0xDA | STATE=NORMAL
?t=4780 ms  Bits=62  FRAME: 0xAA 0xBF 0x6A 0xD5 0xB6 0xFE 0xDA | STATE=NORMAL
?t=4781 ms  Bits=63  FRAME: 0xAA 0xBF 0x6A 0xD5 0xB6 0xFE 0xDA | STATE=NORMAL
?t=4776 ms  Bits=63  FRAME: 0xAA 0xBF 0x6A 0xD5 0xB6 0xF6 0xB5 | STATE=NORMAL
?t=4775 ms  Bits=64  FRAME: 0xAA 0xBF 0x6A 0xD5 0xB6 0xF6 0xB5 0x7F | STATE=NORMAL
?t=4776 ms  Bits=63  FRAME: 0xAA 0xBF 0x6A 0xD5 0xB6 0xF6 0xB5 | STATE=NORMAL
?t=5186 ms  Bits=63  FRAME: 0xAA 0xBF 0x6A 0xD5 0xB6 0xF6 0xB5 | STATE=NORMAL
BURST led=1 horn=0

?t=4775 ms  Bits=63  FRAME: 0xAA 0xBF 0x6A 0xD5 0xB6 0xF6 0xB5 | STATE=NORMAL
?t=4776 ms  Bits=64  FRAME: 0xAA 0xBF 0x6A 0xD5 0xB6 0xF6 0xB5 0x7F | STATE=NORMAL
?t=4776 ms  Bits=64  FRAME: 0xAA 0xBF 0x6A 0xD5 0xB6 0xF6 0xB5 0x7F | STATE=NORMAL
?t=4776 ms  Bits=64  FRAME: 0xAA 0xBF 0x6A 0xD5 0xB6 0xF6 0xB5 0x7F | STATE=NORMAL
?t=4774 ms  Bits=64  FRAME: 0xAA 0xBF 0x6A 0xD5 0xB6 0xF6 0xB5 0x7F | STATE=NORMAL
?t=4776 ms  Bits=64  FRAME: 0xAA 0xBF 0x6A 0xD5 0xB6 0xF6 0xB5 0x7F | STATE=NORMAL
?t=4776 ms  Bits=64  FRAME: 0xAA 0xBF 0x6A 0xD5 0xB6 0xF6 0xB5 0x7F | STATE=NORMAL
?t=4775 ms  Bits=63  FRAME: 0xAA 0xBF 0x6A 0xD5 0xB6 0xF6 0xB5 | STATE=NORMAL
BURST led=1 horn=0

?t=5186 ms  Bits=64  FRAME: 0xAA 0xBF 0x6A 0xD5 0xB6 0xF6 0xB5 0x7F | STATE=NORMAL
?t=4776 ms  Bits=64  FRAME: 0xAA 0xBF 0x6A 0xD5 0xB6 0xF6 0xB5 0x7F | STATE=NORMAL
?t=4776 ms  Bits=64  FRAME: 0xAA 0xBF 0x6A 0xD5 0xB6 0xF6 0xB5 0x7F | STATE=NORMAL
?t=4775 ms  Bits=64  FRAME: 0xAA 0xBF 0x6A 0xD5 0xB6 0xF6 0xB5 0x7F | STATE=NORMAL
?t=4775 ms  Bits=64  FRAME: 0xAA 0xBF 0x6A 0xD5 0xB6 0xF6 0xB5 0x7F | STATE=NORMAL
?t=4776 ms  Bits=64  FRAME: 0xAA 0xBF 0x6A 0xD5 0xB6 0xF6 0xB5 0x7F | STATE=NORMAL
?t=4775 ms  Bits=64  FRAME: 0xAA 0xBF 0x6A 0xD5 0xB6 0xF6 0xB5 0x7F | STATE=NORMAL
?t=4776 ms  Bits=63  FRAME: 0xAA 0xBF 0x6A 0xD5 0xB6 0xF6 0xB5 | STATE=NORMAL
?t=4776 ms  Bits=64  FRAME: 0xAA 0xBF 0x6A 0xD5 0xB6 0xF6 0xB5 0x7F | STATE=NORMAL
?t=2529 ms  Bits=65  FRAME: 0xAA 0xBF 0x7E 0xD5 0xB6 0xEF 0x6B 0xFF | STATE=NORMAL
?t=612 ms  Bits=64  FRAME: 0xAA 0xBF 0x7E 0xD5 0xB6 0xEF 0x6B 0xFF | STATE=NORMAL
BURST led=1 horn=0

?t=4780 ms  Bits=63  FRAME: 0xAA 0xBF 0x6A 0xD5 0xB6 0xFE 0xDA | STATE=NORMAL
?t=4781 ms  Bits=63  FRAME: 0xAA 0xBF 0x6A 0xD5 0xB6 0xFE 0xDA | STATE=NORMAL
?t=4780 ms  Bits=63  FRAME: 0xAA 0xBF 0x6A 0xD5 0xB6 0xFE 0xDA | STATE=NORMAL
?t=4781 ms  Bits=63  FRAME: 0xAA 0xBF 0x6A 0xD5 0xB6 0xFE 0xDA | STATE=NORMAL
?t=4778 ms  Bits=63  FRAME: 0xAA 0xBF 0x6A 0xD5 0xB6 0xFE 0xDA | STATE=NORMAL
?t=4775 ms  Bits=64  FRAME: 0xAA 0xBF 0x6A 0xD5 0xB6 0xF6 0xB5 0x7F | STATE=NORMAL
?t=4776 ms  Bits=64  FRAME: 0xAA 0xBF 0x6A 0xD5 0xB6 0xF6 0xB5 0x7F | STATE=NORMAL
?t=4776 ms  Bits=64  FRAME: 0xAA 0xBF 0x6A 0xD5 0xB6 0xF6 0xB5 0x7F | STATE=NORMAL
BURST led=1 horn=0

?t=5184 ms  Bits=64  FRAME: 0xAA 0xBF 0x6A 0xD5 0xB6 0xF6 0xB5 0x7F | STATE=NORMAL
?t=4776 ms  Bits=64  FRAME: 0xAA 0xBF 0x6A 0xD5 0xB6 0xF6 0xB5 0x7F | STATE=NORMAL
?t=4775 ms  Bits=64  FRAME: 0xAA 0xBF 0x6A 0xD5 0xB6 0xF6 0xB5 0x7F | STATE=NORMAL
?t=4776 ms  Bits=64  FRAME: 0xAA 0xBF 0x6A 0xD5 0xB6 0xF6 0xB5 0x7F | STATE=NORMAL
?t=4775 ms  Bits=64  FRAME: 0xAA 0xBF 0x6A 0xD5 0xB6 0xF6 0xB5 0x7F | STATE=NORMAL
?t=4776 ms  Bits=64  FRAME: 0xAA 0xBF 0x6A 0xD5 0xB6 0xF6 0xB5 0x7F | STATE=NORMAL
?t=4776 ms  Bits=64  FRAME: 0xAA 0xBF 0x6A 0xD5 0xB6 0xF6 0xB5 0x7F | STATE=NORMAL
?t=4775 ms  Bits=64  FRAME: 0xAA 0xBF 0x6A 0xD5 0xB6 0xF6 0xB5 0x7F | STATE=NORMAL
?t=5185 ms  Bits=64  FRAME: 0xAA 0xBF 0x6A 0xD5 0xB6 0xF6 0xB5 0x7F | STATE=NORMAL
BURST led=1 horn=0

?t=4775 ms  Bits=64  FRAME: 0xAA 0xBF 0x6A 0xD5 0xB6 0xF6 0xB5 0x7F | STATE=NORMAL
?t=4776 ms  Bits=64  FRAME: 0xAA 0xBF 0x6A 0xD5 0xB6 0xF6 0xB5 0x7F | STATE=NORMAL
?t=4775 ms  Bits=63  FRAME: 0xAA 0xBF 0x6A 0xD5 0xB6 0xF6 0xB5 | STATE=NORMAL
?t=4776 ms  Bits=64  FRAME: 0xAA 0xBF 0x6A 0xD5 0xB6 0xF6 0xB5 0x7F | STATE=NORMAL
?t=4776 ms  Bits=64  FRAME: 0xAA 0xBF 0x6A 0xD5 0xB6 0xF6 0xB5 0x7F | STATE=NORMAL
?t=4775 ms  Bits=63  FRAME: 0xAA 0xBF 0x6A 0xD5 0xB6 0xF6 0xB5 | STATE=NORMAL
?t=4776 ms  Bits=64  FRAME: 0xAA 0xBF 0x6A 0xD5 0xB6 0xF6 0xB5 0x7F | STATE=NORMAL
?t=4775 ms  Bits=63  FRAME: 0xAA 0xBF 0x6A 0xD5 0xB6 0xF6 0xB5 | STATE=NORMAL
?t=2531 ms  Bits=62  FRAME: 0xAA 0xBF 0xAE 0xDA 0xF6 0x7D 0xED | STATE=NORMAL
?t=2530 ms  Bits=66  FRAME: 0xAA 0xBF 0xFE 0xAA 0x6D 0xDF 0xD7 0xFE | STATE=NORMAL
BURST led=1 horn=0

?t=2843 ms  Bits=63  FRAME: 0xAA 0xBF 0x6A 0xD5 0xB6 0xFE 0xDA | STATE=NORMAL
?t=4781 ms  Bits=63  FRAME: 0xAA 0xBF 0x6A 0xD5 0xB6 0xFE 0xDA | STATE=NORMAL
?t=4781 ms  Bits=63  FRAME: 0xAA 0xBF 0x6A 0xD5 0xB6 0xFE 0xDA | STATE=NORMAL
?t=4780 ms  Bits=63  FRAME: 0xAA 0xBF 0x6A 0xD5 0xB6 0xFE 0xDA | STATE=NORMAL
?t=4781 ms  Bits=63  FRAME: 0xAA 0xBF 0x6A 0xD5 0xB6 0xFE 0xDA | STATE=NORMAL
?t=4775 ms  Bits=64  FRAME: 0xAA 0xBF 0x6A 0xD5 0xB6 0xF6 0xB5 0x7F | STATE=NORMAL
?t=4776 ms  Bits=64  FRAME: 0xAA 0xBF 0x6A 0xD5 0xB6 0xF6 0xB5 0x7F | STATE=NORMAL
?t=4776 ms  Bits=64  FRAME: 0xAA 0xBF 0x6A 0xD5 0xB6 0xF6 0xB5 0x7F | STATE=NORMAL
?t=5185 ms  Bits=64  FRAME: 0xAA 0xBF 0x6A 0xD5 0xB6 0xF6 0xB5 0x7F | STATE=NORMAL
BURST led=1 horn=0

?t=4775 ms  Bits=64  FRAME: 0xAA 0xBF 0x6A 0xD5 0xB6 0xF6 0xB5 0x7F | STATE=NORMAL
?t=4776 ms  Bits=64  FRAME: 0xAA 0xBF 0x6A 0xD5 0xB6 0xF6 0xB5 0x7F | STATE=NORMAL
?t=4776 ms  Bits=64  FRAME: 0xAA 0xBF 0x6A 0xD5 0xB6 0xF6 0xB5 0x7F | STATE=NORMAL
?t=4775 ms  Bits=64  FRAME: 0xAA 0xBF 0x6A 0xD5 0xB6 0xF6 0xB5 0x7F | STATE=NORMAL
?t=4776 ms  Bits=64  FRAME: 0xAA 0xBF 0x6A 0xD5 0xB6 0xF6 0xB5 0x7F | STATE=NORMAL
?t=4776 ms  Bits=64  FRAME: 0xAA 0xBF 0x6A 0xD5 0xB6 0xF6 0xB5 0x7F | STATE=NORMAL
?t=4776 ms  Bits=64  FRAME: 0xAA 0xBF 0x6A 0xD5 0xB6 0xF6 0xB5 0x7F | STATE=NORMAL
?t=4775 ms  Bits=64  FRAME: 0xAA 0xBF 0x6A 0xD5 0xB6 0xF6 0xB5 0x7F | STATE=NORMAL
BURST led=1 horn=0

?t=5185 ms  Bits=64  FRAME: 0xAA 0xBF 0x6A 0xD5 0xB6 0xF6 0xB5 0x7F | STATE=NORMAL
?t=4776 ms  Bits=64  FRAME: 0xAA 0xBF 0x6A 0xD5 0xB6 0xF6 0xB5 0x7F | STATE=NORMAL
?t=4776 ms  Bits=64  FRAME: 0xAA 0xBF 0x6A 0xD5 0xB6 0xF6 0xB5 0x7F | STATE=NORMAL
?t=4776 ms  Bits=63  FRAME: 0xAA 0xBF 0x6A 0xD5 0xB6 0xF6 0xB5 | STATE=NORMAL
?t=4775 ms  Bits=64  FRAME: 0xAA 0xBF 0x6A 0xD5 0xB6 0xF6 0xB5 0x7F | STATE=NORMAL
?t=4776 ms  Bits=64  FRAME: 0xAA 0xBF 0x6A 0xD5 0xB6 0xF6 0xB5 0x7F | STATE=NORMAL
?t=4775 ms  Bits=63  FRAME: 0xAA 0xBF 0x6A 0xD5 0xB6 0xF6 0xB5 | STATE=NORMAL
?t=4776 ms  Bits=63  FRAME: 0xAA 0xBF 0x6A 0xD5 0xB6 0xF6 0xB5 | STATE=NORMAL
?t=4776 ms  Bits=64  FRAME: 0xAA 0xBF 0x6A 0xD5 0xB6 0xF6 0xB5 0x7F | STATE=NORMAL
?t=2530 ms  Bits=65  FRAME: 0xAA 0xBF 0x7E 0xD5 0xB6 0xEF 0x6B 0xFF | STATE=NORMAL
?t=596 ms  Bits=64  FRAME: 0xAA 0xBF 0x7E 0xD5 0xB6 0xEF 0x6B 0xFF | STATE=NORMAL
BURST led=1 horn=0

?t=4781 ms  Bits=62  FRAME: 0xAA 0xBF 0x6A 0xD5 0xB6 0xFE 0xDA | STATE=NORMAL
?t=4780 ms  Bits=62  FRAME: 0xAA 0xBF 0x6A 0xD5 0xB6 0xFE 0xDA | STATE=NORMAL
?t=4781 ms  Bits=63  FRAME: 0xAA 0xBF 0x6A 0xD5 0xB6 0xFE 0xDA | STATE=NORMAL
?t=4780 ms  Bits=62  FRAME: 0xAA 0xBF 0x6A 0xD5 0xB6 0xFE 0xDA | STATE=NORMAL
?t=4778 ms  Bits=62  FRAME: 0xAA 0xBF 0x6A 0xD5 0xB6 0xFE 0xDA | STATE=NORMAL
?t=4776 ms  Bits=64  FRAME: 0xAA 0xBF 0x6A 0xD5 0xB6 0xF6 0xB5 0x7F | STATE=NORMAL
?t=4775 ms  Bits=64  FRAME: 0xAA 0xBF 0x6A 0xD5 0xB6 0xF6 0xB5 0x7F | STATE=NORMAL
?t=4776 ms  Bits=64  FRAME: 0xAA 0xBF 0x6A 0xD5 0xB6 0xF6 0xB5 0x7F | STATE=NORMAL
BURST led=1 horn=0

?t=5186 ms  Bits=64  FRAME: 0xAA 0xBF 0x6A 0xD5 0xB6 0xF6 0xB5 0x7F | STATE=NORMAL
?t=4776 ms  Bits=63  FRAME: 0xAA 0xBF 0x6A 0xD5 0xB6 0xF6 0xB5 | STATE=NORMAL
?t=4774 ms  Bits=64  FRAME: 0xAA 0xBF 0x6A 0xD5 0xB6 0xF6 0xB5 0x7F | STATE=NORMAL
?t=4776 ms  Bits=64  FRAME: 0xAA 0xBF 0x6A 0xD5 0xB6 0xF6 0xB5 0x7F | STATE=NORMAL
?t=4776 ms  Bits=63  FRAME: 0xAA 0xBF 0x6A 0xD5 0xB6 0xF6 0xB5 | STATE=NORMAL
?t=4776 ms  Bits=64  FRAME: 0xAA 0xBF 0x6A 0xD5 0xB6 0xF6 0xB5 0x7F | STATE=NORMAL
?t=4775 ms  Bits=64  FRAME: 0xAA 0xBF 0x6A 0xD5 0xB6 0xF6 0xB5 0x7F | STATE=NORMAL
?t=4776 ms  Bits=63  FRAME: 0xAA 0xBF 0x6A 0xD5 0xB6 0xF6 0xB5 | STATE=NORMAL
?t=5186 ms  Bits=64  FRAME: 0xAA 0xBF 0x6A 0xD5 0xB6 0xF6 0xB5 0x7F | STATE=NORMAL
BURST led=1 horn=0

?t=4775 ms  Bits=64  FRAME: 0xAA 0xBF 0x6A 0xD5 0xB6 0xF6 0xB5 0x7F | STATE=NORMAL
?t=4775 ms  Bits=64  FRAME: 0xAA 0xBF 0x6A 0xD5 0xB6 0xF6 0xB5 0x7F | STATE=NORMAL
?t=4776 ms  Bits=63  FRAME: 0xAA 0xBF 0x6A 0xD5 0xB6 0xF6 0xB5 | STATE=NORMAL
?t=4776 ms  Bits=63  FRAME: 0xAA 0xBF 0x6A 0xD5 0xB6 0xF6 0xB5 | STATE=NORMAL
?t=4775 ms  Bits=63  FRAME: 0xAA 0xBF 0x6A 0xD5 0xB6 0xF6 0xB5 | STATE=NORMAL
?t=4776 ms  Bits=64  FRAME: 0xAA 0xBF 0x6A 0xD5 0xB6 0xF6 0xB5 0x7F | STATE=NORMAL
?t=4775 ms  Bits=64  FRAME: 0xAA 0xBF 0x6A 0xD5 0xB6 0xF6 0xB5 0x7F | STATE=NORMAL
?t=4776 ms  Bits=64  FRAME: 0xAA 0xBF 0x6A 0xD5 0xB6 0xF6 0xB5 0x7F | STATE=NORMAL
?t=2531 ms  Bits=61  FRAME: 0xAA 0xBF 0xAE 0xDA 0xF6 0x7D 0xED | STATE=NORMAL
?t=2530 ms  Bits=66  FRAME: 0xAA 0xBF 0xFE 0xAA 0x6D 0xDF 0xD7 0xFE | STATE=NORMAL
BURST led=1 horn=0

?t=2843 ms  Bits=63  FRAME: 0xAA 0xBF 0x6A 0xD5 0xB6 0xFE 0xDA | STATE=NORMAL
?t=4781 ms  Bits=63  FRAME: 0xAA 0xBF 0x6A 0xD5 0xB6 0xFE 0xDA | STATE=NORMAL
?t=4780 ms  Bits=63  FRAME: 0xAA 0xBF 0x6A 0xD5 0xB6 0xFE 0xDA | STATE=NORMAL
?t=4781 ms  Bits=63  FRAME: 0xAA 0xBF 0x6A 0xD5 0xB6 0xFE 0xDA | STATE=NORMAL
?t=4780 ms  Bits=63  FRAME: 0xAA 0xBF 0x6A 0xD5 0xB6 0xFE 0xDA | STATE=NORMAL
?t=4776 ms  Bits=64  FRAME: 0xAA 0xBF 0x6A 0xD5 0xB6 0xF6 0xB5 0x7F | STATE=NORMAL
?t=4776 ms  Bits=64  FRAME: 0xAA 0xBF 0x6A 0xD5 0xB6 0xF6 0xB5 0x7F | STATE=NORMAL
?t=4775 ms  Bits=64  FRAME: 0xAA 0xBF 0x6A 0xD5 0xB6 0xF6 0xB5 0x7F | STATE=NORMAL
?t=5201 ms  Bits=64  FRAME: 0xAA 0xBF 0x6A 0xD5 0xB6 0xF6 0xB5 0x7F | STATE=NORMAL
BURST led=1 horn=0

?t=4776 ms  Bits=64  FRAME: 0xAA 0xBF 0x6A 0xD5 0xB6 0xF6 0xB5 0x7F | STATE=NORMAL
?t=4775 ms  Bits=63  FRAME: 0xAA 0xBF 0x6A 0xD5 0xB6 0xF6 0xB5 | STATE=NORMAL
?t=4776 ms  Bits=64  FRAME: 0xAA 0xBF 0x6A 0xD5 0xB6 0xF6 0xB5 0x7F | STATE=NORMAL
?t=4776 ms  Bits=64  FRAME: 0xAA 0xBF 0x6A 0xD5 0xB6 0xF6 0xB5 0x7F | STATE=NORMAL
?t=4775 ms  Bits=64  FRAME: 0xAA 0xBF 0x6A 0xD5 0xB6 0xF6 0xB5 0x7F | STATE=NORMAL
?t=4776 ms  Bits=64  FRAME: 0xAA 0xBF 0x6A 0xD5 0xB6 0xF6 0xB5 0x7F | STATE=NORMAL
?t=4776 ms  Bits=64  FRAME: 0xAA 0xBF 0x6A 0xD5 0xB6 0xF6 0xB5 0x7F | STATE=NORMAL
?t=4776 ms  Bits=64  FRAME: 0xAA 0xBF 0x6A 0xD5 0xB6 0xF6 0xB5 0x7F | STATE=NORMAL
BURST led=1 horn=0

?t=5185 ms  Bits=64  FRAME: 0xAA 0xBF 0x6A 0xD5 0xB6 0xF6 0xB5 0x7F | STATE=NORMAL
?t=4776 ms  Bits=64  FRAME: 0xAA 0xBF 0x6A 0xD5 0xB6 0xF6 0xB5 0x7F | STATE=NORMAL
?t=4775 ms  Bits=63  FRAME: 0xAA 0xBF 0x6A 0xD5 0xB6 0xF6 0xB5 | STATE=NORMAL
?t=4776 ms  Bits=64  FRAME: 0xAA 0xBF 0x6A 0xD5 0xB6 0xF6 0xB5 0x7F | STATE=NORMAL
?t=4776 ms  Bits=64  FRAME: 0xAA 0xBF 0x6A 0xD5 0xB6 0xF6 0xB5 0x7F | STATE=NORMAL
?t=4776 ms  Bits=64  FRAME: 0xAA 0xBF 0x6A 0xD5 0xB6 0xF6 0xB5 0x7F | STATE=NORMAL
?t=4776 ms  Bits=64  FRAME: 0xAA 0xBF 0x6A 0xD5 0xB6 0xF6 0xB5 0x7F | STATE=NORMAL
?t=4775 ms  Bits=64  FRAME: 0xAA 0xBF 0x6A 0xD5 0xB6 0xF6 0xB5 0x7F | STATE=NORMAL
?t=4776 ms  Bits=64  FRAME: 0xAA 0xBF 0x6A 0xD5 0xB6 0xF6 0xB5 0x7F | STATE=NORMAL
?t=2530 ms  Bits=64  FRAME: 0xAA 0xBF 0xAE 0x6A 0xDB 0xF7 0xB5 0x7F | STATE=NORMAL
?t=596 ms  Bits=64  FRAME: 0xAA 0xBF 0xBE 0x6A 0xDB 0xF7 0xB5 0x7F | STATE=NORMAL
BURST led=1 horn=0

?t=4781 ms  Bits=63  FRAME: 0xAA 0xBF 0x6A 0xD5 0xB6 0xFE 0xDA | STATE=NORMAL
?t=4781 ms  Bits=63  FRAME: 0xAA 0xBF 0x6A 0xD5 0xB6 0xFE 0xDA | STATE=NORMAL
?t=4780 ms  Bits=63  FRAME: 0xAA 0xBF 0x6A 0xD5 0xB6 0xFE 0xDA | STATE=NORMAL
?t=4781 ms  Bits=63  FRAME: 0xAA 0xBF 0x6A 0xD5 0xB6 0xFE 0xDA | STATE=NORMAL
?t=4779 ms  Bits=62  FRAME: 0xAA 0xBF 0x6A 0xD5 0xB6 0xFE 0xDA | STATE=NORMAL
?t=4775 ms  Bits=64  FRAME: 0xAA 0xBF 0x6A 0xD5 0xB6 0xF6 0xB5 0x7F | STATE=NORMAL
?t=4776 ms  Bits=64  FRAME: 0xAA 0xBF 0x6A 0xD5 0xB6 0xF6 0xB5 0x7F | STATE=NORMAL
?t=4776 ms  Bits=63  FRAME: 0xAA 0xBF 0x6A 0xD5 0xB6 0xF6 0xB5 | STATE=NORMAL
BURST led=1 horn=0

?t=5186 ms  Bits=64  FRAME: 0xAA 0xBF 0x6A 0xD5 0xB6 0xF6 0xB5 0x7F | STATE=NORMAL
?t=4775 ms  Bits=64  FRAME: 0xAA 0xBF 0x6A 0xD5 0xB6 0xF6 0xB5 0x7F | STATE=NORMAL
?t=4776 ms  Bits=64  FRAME: 0xAA 0xBF 0x6A 0xD5 0xB6 0xF6 0xB5 0x7F | STATE=NORMAL
?t=4776 ms  Bits=64  FRAME: 0xAA 0xBF 0x6A 0xD5 0xB6 0xF6 0xB5 0x7F | STATE=NORMAL
?t=4776 ms  Bits=63  FRAME: 0xAA 0xBF 0x6A 0xD5 0xB6 0xF6 0xB5 | STATE=NORMAL
?t=4775 ms  Bits=64  FRAME: 0xAA 0xBF 0x6A 0xD5 0xB6 0xF6 0xB5 0x7F | STATE=NORMAL
?t=4776 ms  Bits=64  FRAME: 0xAA 0xBF 0x6A 0xD5 0xB6 0xF6 0xB5 0x7F | STATE=NORMAL
?t=4775 ms  Bits=64  FRAME: 0xAA 0xBF 0x6A 0xD5 0xB6 0xF6 0xB5 0x7F | STATE=NORMAL
?t=5185 ms  Bits=64  FRAME: 0xAA 0xBF 0x6A 0xD5 0xB6 0xF6 0xB5 0x7F | STATE=NORMAL
BURST led=1 horn=0

?t=4776 ms  Bits=64  FRAME: 0xAA 0xBF 0x6A 0xD5 0xB6 0xF6 0xB5 0x7F | STATE=NORMAL
?t=4776 ms  Bits=63  FRAME: 0xAA 0xBF 0x6A 0xD5 0xB6 0xF6 0xB5 | STATE=NORMAL
?t=4775 ms  Bits=64  FRAME: 0xAA 0xBF 0x6A 0xD5 0xB6 0xF6 0xB5 0x7F | STATE=NORMAL
?t=4776 ms  Bits=63  FRAME: 0xAA 0xBF 0x6A 0xD5 0xB6 0xF6 0xB5 | STATE=NORMAL
?t=4776 ms  Bits=63  FRAME: 0xAA 0xBF 0x6A 0xD5 0xB6 0xF6 0xB5 | STATE=NORMAL
?t=4776 ms  Bits=64  FRAME: 0xAA 0xBF 0x6A 0xD5 0xB6 0xF6 0xB5 0x7F | STATE=NORMAL
?t=4776 ms  Bits=64  FRAME: 0xAA 0xBF 0x6A 0xD5 0xB6 0xF6 0xB5 0x7F | STATE=NORMAL
?t=4775 ms  Bits=63  FRAME: 0xAA 0xBF 0x6A 0xD5 0xB6 0xF6 0xB5 | STATE=NORMAL
?t=2531 ms  Bits=61  FRAME: 0xAA 0xBF 0xAE 0xDA 0xF6 0x7D 0xED | STATE=NORMAL
?t=2530 ms  Bits=66  FRAME: 0xAA 0xBF 0xFE 0xAA 0x6D 0xDF 0xD7 0xFE | STATE=NORMAL
BURST led=1 horn=0

?t=2844 ms  Bits=63  FRAME: 0xAA 0xBF 0x6A 0xD5 0xB6 0xFE 0xDA | STATE=NORMAL
?t=4780 ms  Bits=62  FRAME: 0xAA 0xBF 0x6A 0xD5 0xB6 0xFE 0xDA | STATE=NORMAL
?t=4781 ms  Bits=62  FRAME: 0xAA 0xBF 0x6A 0xD5 0xB6 0xFE 0xDA | STATE=NORMAL
?t=4781 ms  Bits=63  FRAME: 0xAA 0xBF 0x6A 0xD5 0xB6 0xFE 0xDA | STATE=NORMAL
?t=4780 ms  Bits=63  FRAME: 0xAA 0xBF 0x6A 0xD5 0xB6 0xFE 0xDA | STATE=NORMAL
?t=4776 ms  Bits=64  FRAME: 0xAA 0xBF 0x6A 0xD5 0xB6 0xF6 0xB5 0x7F | STATE=NORMAL
?t=4776 ms  Bits=64  FRAME: 0xAA 0xBF 0x6A 0xD5 0xB6 0xF6 0xB5 0x7F | STATE=NORMAL
?t=4776 ms  Bits=63  FRAME: 0xAA 0xBF 0x6A 0xD5 0xB6 0xF6 0xB5 | STATE=NORMAL
?t=5186 ms  Bits=64  FRAME: 0xAA 0xBF 0x6A 0xD5 0xB6 0xF6 0xB5 0x7F | STATE=NORMAL
BURST led=1 horn=0

?t=4776 ms  Bits=64  FRAME: 0xAA 0xBF 0x6A 0xD5 0xB6 0xF6 0xB5 0x7F | STATE=NORMAL
?t=4774 ms  Bits=64  FRAME: 0xAA 0xBF 0x6A 0xD5 0xB6 0xF6 0xB5 0x7F | STATE=NORMAL
?t=4776 ms  Bits=64  FRAME: 0xAA 0xBF 0x6A 0xD5 0xB6 0xF6 0xB5 0x7F | STATE=NORMAL
?t=4776 ms  Bits=64  FRAME: 0xAA 0xBF 0x6A 0xD5 0xB6 0xF6 0xB5 0x7F | STATE=NORMAL
?t=4776 ms  Bits=64  FRAME: 0xAA 0xBF 0x6A 0xD5 0xB6 0xF6 0xB5 0x7F | STATE=NORMAL
?t=4776 ms  Bits=63  FRAME: 0xAA 0xBF 0x6A 0xD5 0xB6 0xF6 0xB5 | STATE=NORMAL
?t=4776 ms  Bits=64  FRAME: 0xAA 0xBF 0x6A 0xD5 0xB6 0xF6 0xB5 0x7F | STATE=NORMAL
?t=4775 ms  Bits=64  FRAME: 0xAA 0xBF 0x6A 0xD5 0xB6 0xF6 0xB5 0x7F | STATE=NORMAL
BURST led=1 horn=0

?t=5186 ms  Bits=64  FRAME: 0xAA 0xBF 0x6A 0xD5 0xB6 0xF6 0xB5 0x7F | STATE=NORMAL
?t=4776 ms  Bits=64  FRAME: 0xAA 0xBF 0x6A 0xD5 0xB6 0xF6 0xB5 0x7F | STATE=NORMAL
?t=4775 ms  Bits=64  FRAME: 0xAA 0xBF 0x6A 0xD5 0xB6 0xF6 0xB5 0x7F | STATE=NORMAL
?t=4776 ms  Bits=63  FRAME: 0xAA 0xBF 0x6A 0xD5 0xB6 0xF6 0xB5 | STATE=NORMAL
?t=4776 ms  Bits=64  FRAME: 0xAA 0xBF 0x6A 0xD5 0xB6 0xF6 0xB5 0x7F | STATE=NORMAL
?t=4775 ms  Bits=64  FRAME: 0xAA 0xBF 0x6A 0xD5 0xB6 0xF6 0xB5 0x7F | STATE=NORMAL
?t=4776 ms  Bits=64  FRAME: 0xAA 0xBF 0x6A 0xD5 0xB6 0xF6 0xB5 0x7F | STATE=NORMAL
?t=4776 ms  Bits=64  FRAME: 0xAA 0xBF 0x6A 0xD5 0xB6 0xF6 0xB5 0x7F | STATE=NORMAL
?t=4776 ms  Bits=64  FRAME: 0xAA 0xBF 0x6A 0xD5 0xB6 0xF6 0xB5 0x7F | STATE=NORMAL
?t=2530 ms  Bits=64  FRAME: 0xAA 0xBF 0xAE 0x6A 0xDB 0xF7 0xB5 0x7F | STATE=NORMAL
?t=596 ms  Bits=65  FRAME: 0xAA 0xBF 0x7E 0xD5 0xB6 0xEF 0x6B 0xFF | STATE=NORMAL
BURST led=1 horn=0

?t=4780 ms  Bits=63  FRAME: 0xAA 0xBF 0x6A 0xD5 0xB6 0xFE 0xDA | STATE=NORMAL
?t=4781 ms  Bits=63  FRAME: 0xAA 0xBF 0x6A 0xD5 0xB6 0xFE 0xDA | STATE=NORMAL
?t=4780 ms  Bits=63  FRAME: 0xAA 0xBF 0x6A 0xD5 0xB6 0xFE 0xDA | STATE=NORMAL
?t=4782 ms  Bits=63  FRAME: 0xAA 0xBF 0x6A 0xD5 0xB6 0xFE 0xDA | STATE=NORMAL
?t=4778 ms  Bits=63  FRAME: 0xAA 0xBF 0x6A 0xD5 0xB6 0xFE 0xDA | STATE=NORMAL
?t=4775 ms  Bits=64  FRAME: 0xAA 0xBF 0x6A 0xD5 0xB6 0xF6 0xB5 0x7F | STATE=NORMAL
?t=4776 ms  Bits=64  FRAME: 0xAA 0xBF 0x6A 0xD5 0xB6 0xF6 0xB5 0x7F | STATE=NORMAL
?t=4776 ms  Bits=64  FRAME: 0xAA 0xBF 0x6A 0xD5 0xB6 0xF6 0xB5 0x7F | STATE=NORMAL
BURST led=1 horn=0

?t=5186 ms  Bits=63  FRAME: 0xAA 0xBF 0x6A 0xD5 0xB6 0xF6 0xB5 | STATE=NORMAL
?t=4775 ms  Bits=64  FRAME: 0xAA 0xBF 0x6A 0xD5 0xB6 0xF6 0xB5 0x7F | STATE=NORMAL
?t=4776 ms  Bits=64  FRAME: 0xAA 0xBF 0x6A 0xD5 0xB6 0xF6 0xB5 0x7F | STATE=NORMAL
?t=4775 ms  Bits=64  FRAME: 0xAA 0xBF 0x6A 0xD5 0xB6 0xF6 0xB5 0x7F | STATE=NORMAL
?t=4776 ms  Bits=64  FRAME: 0xAA 0xBF 0x6A 0xD5 0xB6 0xF6 0xB5 0x7F | STATE=NORMAL
?t=4775 ms  Bits=64  FRAME: 0xAA 0xBF 0x6A 0xD5 0xB6 0xF6 0xB5 0x7F | STATE=NORMAL
?t=4776 ms  Bits=64  FRAME: 0xAA 0xBF 0x6A 0xD5 0xB6 0xF6 0xB5 0x7F | STATE=NORMAL
?t=4776 ms  Bits=64  FRAME: 0xAA 0xBF 0x6A 0xD5 0xB6 0xF6 0xB5 0x7F | STATE=NORMAL
?t=5200 ms  Bits=64  FRAME: 0xAA 0xBF 0x6A 0xD5 0xB6 0xF6 0xB5 0x7F | STATE=NORMAL
BURST led=1 horn=0

?t=4776 ms  Bits=64  FRAME: 0xAA 0xBF 0x6A 0xD5 0xB6 0xF6 0xB5 0x7F | STATE=NORMAL
?t=4776 ms  Bits=64  FRAME: 0xAA 0xBF 0x6A 0xD5 0xB6 0xF6 0xB5 0x7F | STATE=NORMAL
?t=4776 ms  Bits=64  FRAME: 0xAA 0xBF 0x6A 0xD5 0xB6 0xF6 0xB5 0x7F | STATE=NORMAL
?t=4776 ms  Bits=64  FRAME: 0xAA 0xBF 0x6A 0xD5 0xB6 0xF6 0xB5 0x7F | STATE=NORMAL
?t=4775 ms  Bits=64  FRAME: 0xAA 0xBF 0x6A 0xD5 0xB6 0xF6 0xB5 0x7F | STATE=NORMAL
?t=4776 ms  Bits=64  FRAME: 0xAA 0xBF 0x6A 0xD5 0xB6 0xF6 0xB5 0x7F | STATE=NORMAL
?t=4776 ms  Bits=63  FRAME: 0xAA 0xBF 0x6A 0xD5 0xB6 0xF6 0xB5 | STATE=NORMAL
?t=4776 ms  Bits=63  FRAME: 0xAA 0xBF 0x6A 0xD5 0xB6 0xF6 0xB5 | STATE=NORMAL
?t=2531 ms  Bits=62  FRAME: 0xAA 0xBF 0xAE 0xDA 0xF6 0x7D 0xED | STATE=NORMAL
?t=2529 ms  Bits=66  FRAME: 0xAA 0xBF 0xFE 0xAA 0x6D 0xDF 0xD7 0xFE | STATE=NORMAL
BURST led=1 horn=0

?t=2844 ms  Bits=63  FRAME: 0xAA 0xBF 0x6A 0xD5 0xB6 0xFE 0xDA | STATE=NORMAL
?t=4780 ms  Bits=63  FRAME: 0xAA 0xBF 0x6A 0xD5 0xB6 0xFE 0xDA | STATE=NORMAL
?t=4781 ms  Bits=63  FRAME: 0xAA 0xBF 0x6A 0xD5 0xB6 0xFE 0xDA | STATE=NORMAL
?t=4781 ms  Bits=63  FRAME: 0xAA 0xBF 0x6A 0xD5 0xB6 0xFE 0xDA | STATE=NORMAL
?t=4781 ms  Bits=63  FRAME: 0xAA 0xBF 0x6A 0xD5 0xB6 0xFE 0xDA | STATE=NORMAL
?t=4776 ms  Bits=64  FRAME: 0xAA 0xBF 0x6A 0xD5 0xB6 0xF6 0xB5 0x7F | STATE=NORMAL
?t=4776 ms  Bits=64  FRAME: 0xAA 0xBF 0x6A 0xD5 0xB6 0xF6 0xB5 0x7F | STATE=NORMAL
?t=4775 ms  Bits=64  FRAME: 0xAA 0xBF 0x6A 0xD5 0xB6 0xF6 0xB5 0x7F | STATE=NORMAL
?t=5185 ms  Bits=64  FRAME: 0xAA 0xBF 0x6A 0xD5 0xB6 0xF6 0xB5 0x7F | STATE=NORMAL
BURST led=1 horn=0

?t=4776 ms  Bits=64  FRAME: 0xAA 0xBF 0x6A 0xD5 0xB6 0xF6 0xB5 0x7F | STATE=NORMAL
?t=4776 ms  Bits=64  FRAME: 0xAA 0xBF 0x6A 0xD5 0xB6 0xF6 0xB5 0x7F | STATE=NORMAL
?t=4776 ms  Bits=63  FRAME: 0xAA 0xBF 0x6A 0xD5 0xB6 0xF6 0xB5 | STATE=NORMAL
?t=4776 ms  Bits=64  FRAME: 0xAA 0xBF 0x6A 0xD5 0xB6 0xF6 0xB5 0x7F | STATE=NORMAL
?t=4775 ms  Bits=64  FRAME: 0xAA 0xBF 0x6A 0xD5 0xB6 0xF6 0xB5 0x7F | STATE=NORMAL
?t=4776 ms  Bits=63  FRAME: 0xAA 0xBF 0x6A 0xD5 0xB6 0xF6 0xB5 | STATE=NORMAL
?t=4776 ms  Bits=64  FRAME: 0xAA 0xBF 0x6A 0xD5 0xB6 0xF6 0xB5 0x7F | STATE=NORMAL
?t=4776 ms  Bits=64  FRAME: 0xAA 0xBF 0x6A 0xD5 0xB6 0xF6 0xB5 0x7F | STATE=NORMAL
BURST led=1 horn=0

?t=5185 ms  Bits=64  FRAME: 0xAA 0xBF 0x6A 0xD5 0xB6 0xF6 0xB5 0x7F | STATE=NORMAL
?t=4776 ms  Bits=63  FRAME: 0xAA 0xBF 0x6A 0xD5 0xB6 0xF6 0xB5 | STATE=NORMAL
?t=4776 ms  Bits=64  FRAME: 0xAA 0xBF 0x6A 0xD5 0xB6 0xF6 0xB5 0x7F | STATE=NORMAL
?t=4776 ms  Bits=64  FRAME: 0xAA 0xBF 0x6A 0xD5 0xB6 0xF6 0xB5 0x7F | STATE=NORMAL
?t=4775 ms  Bits=64  FRAME: 0xAA 0xBF 0x6A 0xD5 0xB6 0xF6 0xB5 0x7F | STATE=NORMAL
?t=4776 ms  Bits=63  FRAME: 0xAA 0xBF 0x6A 0xD5 0xB6 0xF6 0xB5 | STATE=NORMAL
?t=4776 ms  Bits=64  FRAME: 0xAA 0xBF 0x6A 0xD5 0xB6 0xF6 0xB5 0x7F | STATE=NORMAL
?t=4776 ms  Bits=64  FRAME: 0xAA 0xBF 0x6A 0xD5 0xB6 0xF6 0xB5 0x7F | STATE=NORMAL
?t=4776 ms  Bits=64  FRAME: 0xAA 0xBF 0x6A 0xD5 0xB6 0xF6 0xB5 0x7F | STATE=NORMAL
?t=2529 ms  Bits=64  FRAME: 0xAA 0xBF 0xAE 0x6A 0xDB 0xF7 0xB5 0x7F | STATE=NORMAL
?t=597 ms  Bits=64  FRAME: 0xAA 0xBF 0x7E 0xD5 0xB6 0xEF 0x6B 0xFF | STATE=NORMAL
BURST led=1 horn=0

?t=4780 ms  Bits=63  FRAME: 0xAA 0xBF 0x6A 0xD5 0xB6 0xFE 0xDA | STATE=NORMAL
?t=4781 ms  Bits=63  FRAME: 0xAA 0xBF 0x6A 0xD5 0xB6 0xFE 0xDA | STATE=NORMAL
?t=4781 ms  Bits=63  FRAME: 0xAA 0xBF 0x6A 0xD5 0xB6 0xFE 0xDA | STATE=NORMAL
?t=4780 ms  Bits=63  FRAME: 0xAA 0xBF 0x6A 0xD5 0xB6 0xFE 0xDA | STATE=NORMAL
?t=4778 ms  Bits=63  FRAME: 0xAA 0xBF 0x6A 0xD5 0xB6 0xFE 0xDA | STATE=NORMAL
?t=4776 ms  Bits=63  FRAME: 0xAA 0xBF 0x6A 0xD5 0xB6 0xF6 0xB5 | STATE=NORMAL
?t=4776 ms  Bits=63  FRAME: 0xAA 0xBF 0x6A 0xD5 0xB6 0xF6 0xB5 | STATE=NORMAL
?t=4776 ms  Bits=64  FRAME: 0xAA 0xBF 0x6A 0xD5 0xB6 0xF6 0xB5 0x7F | STATE=NORMAL
BURST led=1 horn=0

?t=5186 ms  Bits=64  FRAME: 0xAA 0xBF 0x6A 0xD5 0xB6 0xF6 0xB5 0x7F | STATE=NORMAL
?t=4776 ms  Bits=63  FRAME: 0xAA 0xBF 0x6A 0xD5 0xB6 0xF6 0xB5 | STATE=NORMAL
?t=4775 ms  Bits=64  FRAME: 0xAA 0xBF 0x6A 0xD5 0xB6 0xF6 0xB5 0x7F | STATE=NORMAL
?t=4775 ms  Bits=64  FRAME: 0xAA 0xBF 0x6A 0xD5 0xB6 0xF6 0xB5 0x7F | STATE=NORMAL
?t=4776 ms  Bits=63  FRAME: 0xAA 0xBF 0x6A 0xD5 0xB6 0xF6 0xB5 | STATE=NORMAL
?t=4776 ms  Bits=64  FRAME: 0xAA 0xBF 0x6A 0xD5 0xB6 0xF6 0xB5 0x7F | STATE=NORMAL
?t=4776 ms  Bits=64  FRAME: 0xAA 0xBF 0x6A 0xD5 0xB6 0xF6 0xB5 0x7F | STATE=NORMAL
?t=4775 ms  Bits=64  FRAME: 0xAA 0xBF 0x6A 0xD5 0xB6 0xF6 0xB5 0x7F | STATE=NORMAL
?t=5187 ms  Bits=64  FRAME: 0xAA 0xBF 0x6A 0xD5 0xB6 0xF6 0xB5 0x7F | STATE=NORMAL
BURST led=1 horn=0

?t=4775 ms  Bits=63  FRAME: 0xAA 0xBF 0x6A 0xD5 0xB6 0xF6 0xB5 | STATE=NORMAL
?t=4776 ms  Bits=64  FRAME: 0xAA 0xBF 0x6A 0xD5 0xB6 0xF6 0xB5 0x7F | STATE=NORMAL
?t=4776 ms  Bits=64  FRAME: 0xAA 0xBF 0x6A 0xD5 0xB6 0xF6 0xB5 0x7F | STATE=NORMAL
?t=4775 ms  Bits=64  FRAME: 0xAA 0xBF 0x6A 0xD5 0xB6 0xF6 0xB5 0x7F | STATE=NORMAL
?t=4776 ms  Bits=64  FRAME: 0xAA 0xBF 0x6A 0xD5 0xB6 0xF6 0xB5 0x7F | STATE=NORMAL
?t=4776 ms  Bits=64  FRAME: 0xAA 0xBF 0x6A 0xD5 0xB6 0xF6 0xB5 0x7F | STATE=NORMAL
?t=4776 ms  Bits=64  FRAME: 0xAA 0xBF 0x6A 0xD5 0xB6 0xF6 0xB5 0x7F | STATE=NORMAL
?t=4775 ms  Bits=64  FRAME: 0xAA 0xBF 0x6A 0xD5 0xB6 0xF6 0xB5 0x7F | STATE=NORMAL
?t=2532 ms  Bits=62  FRAME: 0xAA 0xBF 0xAE 0xDA 0xF6 0x7D 0xED | STATE=NORMAL
?t=2530 ms  Bits=66  FRAME: 0xAA 0xBF 0xFE 0xAA 0x6D 0xDF 0xD7 0xFE | STATE=NORMAL
BURST led=1 horn=0

?t=2843 ms  Bits=63  FRAME: 0xAA 0xBF 0x6A 0xD5 0xB6 0xFE 0xDA | STATE=NORMAL
?t=4782 ms  Bits=63  FRAME: 0xAA 0xBF 0x6A 0xD5 0xB6 0xFE 0xDA | STATE=NORMAL
?t=4781 ms  Bits=63  FRAME: 0xAA 0xBF 0x6A 0xD5 0xB6 0xFE 0xDA | STATE=NORMAL
?t=4780 ms  Bits=63  FRAME: 0xAA 0xBF 0x6A 0xD5 0xB6 0xFE 0xDA | STATE=NORMAL
?t=4781 ms  Bits=63  FRAME: 0xAA 0xBF 0x6A 0xD5 0xB6 0xFE 0xDA | STATE=NORMAL
?t=4776 ms  Bits=64  FRAME: 0xAA 0xBF 0x6A 0xD5 0xB6 0xF6 0xB5 0x7F | STATE=NORMAL
?t=4776 ms  Bits=64  FRAME: 0xAA 0xBF 0x6A 0xD5 0xB6 0xF6 0xB5 0x7F | STATE=NORMAL
?t=4774 ms  Bits=64  FRAME: 0xAA 0xBF 0x6A 0xD5 0xB6 0xF6 0xB5 0x7F | STATE=NORMAL
?t=5186 ms  Bits=64  FRAME: 0xAA 0xBF 0x6A 0xD5 0xB6 0xF6 0xB5 0x7F | STATE=NORMAL
BURST led=1 horn=0

?t=4776 ms  Bits=63  FRAME: 0xAA 0xBF 0x6A 0xD5 0xB6 0xF6 0xB5 | STATE=NORMAL
?t=4776 ms  Bits=64  FRAME: 0xAA 0xBF 0x6A 0xD5 0xB6 0xF6 0xB5 0x7F | STATE=NORMAL
?t=4776 ms  Bits=64  FRAME: 0xAA 0xBF 0x6A 0xD5 0xB6 0xF6 0xB5 0x7F | STATE=NORMAL
?t=4776 ms  Bits=64  FRAME: 0xAA 0xBF 0x6A 0xD5 0xB6 0xF6 0xB5 0x7F | STATE=NORMAL
?t=4775 ms  Bits=64  FRAME: 0xAA 0xBF 0x6A 0xD5 0xB6 0xF6 0xB5 0x7F | STATE=NORMAL
?t=4776 ms  Bits=64  FRAME: 0xAA 0xBF 0x6A 0xD5 0xB6 0xF6 0xB5 0x7F | STATE=NORMAL
?t=4776 ms  Bits=64  FRAME: 0xAA 0xBF 0x6A 0xD5 0xB6 0xF6 0xB5 0x7F | STATE=NORMAL
?t=4775 ms  Bits=64  FRAME: 0xAA 0xBF 0x6A 0xD5 0xB6 0xF6 0xB5 0x7F | STATE=NORMAL
BURST led=1 horn=0

?t=5186 ms  Bits=64  FRAME: 0xAA 0xBF 0x6A 0xD5 0xB6 0xF6 0xB5 0x7F | STATE=NORMAL
?t=4776 ms  Bits=64  FRAME: 0xAA 0xBF 0x6A 0xD5 0xB6 0xF6 0xB5 0x7F | STATE=NORMAL
?t=4776 ms  Bits=64  FRAME: 0xAA 0xBF 0x6A 0xD5 0xB6 0xF6 0xB5 0x7F | STATE=NORMAL
?t=4776 ms  Bits=63  FRAME: 0xAA 0xBF 0x6A 0xD5 0xB6 0xF6 0xB5 | STATE=NORMAL
?t=4775 ms  Bits=64  FRAME: 0xAA 0xBF 0x6A 0xD5 0xB6 0xF6 0xB5 0x7F | STATE=NORMAL
?t=4776 ms  Bits=64  FRAME: 0xAA 0xBF 0x6A 0xD5 0xB6 0xF6 0xB5 0x7F | STATE=NORMAL
?t=4776 ms  Bits=64  FRAME: 0xAA 0xBF 0x6A 0xD5 0xB6 0xF6 0xB5 0x7F | STATE=NORMAL
?t=4776 ms  Bits=64  FRAME: 0xAA 0xBF 0x6A 0xD5 0xB6 0xF6 0xB5 0x7F | STATE=NORMAL
?t=4776 ms  Bits=64  FRAME: 0xAA 0xBF 0x6A 0xD5 0xB6 0xF6 0xB5 0x7F | STATE=NORMAL
?t=2530 ms  Bits=64  FRAME: 0xAA 0xBF 0xAE 0x6A 0xDB 0xF7 0xB5 0x7F | STATE=NORMAL
?t=611 ms  Bits=64  FRAME: 0xAA 0xBF 0x7E 0xD5 0xB6 0xEF 0x6B 0xFF | STATE=NORMAL
BURST led=1 horn=0

?t=4781 ms  Bits=62  FRAME: 0xAA 0xBF 0x6A 0xD5 0xB6 0xFE 0xDA | STATE=NORMAL
?t=4780 ms  Bits=63  FRAME: 0xAA 0xBF 0x6A 0xD5 0xB6 0xFE 0xDA | STATE=NORMAL
?t=4781 ms  Bits=63  FRAME: 0xAA 0xBF 0x6A 0xD5 0xB6 0xFE 0xDA | STATE=NORMAL
?t=4781 ms  Bits=62  FRAME: 0xAA 0xBF 0x6A 0xD5 0xB6 0xFE 0xDA | STATE=NORMAL
?t=4778 ms  Bits=63  FRAME: 0xAA 0xBF 0x6A 0xD5 0xB6 0xFE 0xDA | STATE=NORMAL
?t=4776 ms  Bits=64  FRAME: 0xAA 0xBF 0x6A 0xD5 0xB6 0xF6 0xB5 0x7F | STATE=NORMAL
?t=4776 ms  Bits=64  FRAME: 0xAA 0xBF 0x6A 0xD5 0xB6 0xF6 0xB5 0x7F | STATE=NORMAL
?t=4776 ms  Bits=63  FRAME: 0xAA 0xBF 0x6A 0xD5 0xB6 0xF6 0xB5 | STATE=NORMAL
BURST led=1 horn=0

?t=5186 ms  Bits=64  FRAME: 0xAA 0xBF 0x6A 0xD5 0xB6 0xF6 0xB5 0x7F | STATE=NORMAL
?t=4776 ms  Bits=64  FRAME: 0xAA 0xBF 0x6A 0xD5 0xB6 0xF6 0xB5 0x7F | STATE=NORMAL
?t=4776 ms  Bits=64  FRAME: 0xAA 0xBF 0x6A 0xD5 0xB6 0xF6 0xB5 0x7F | STATE=NORMAL
?t=4774 ms  Bits=64  FRAME: 0xAA 0xBF 0x6A 0xD5 0xB6 0xF6 0xB5 0x7F | STATE=NORMAL
?t=4776 ms  Bits=64  FRAME: 0xAA 0xBF 0x6A 0xD5 0xB6 0xF6 0xB5 0x7F | STATE=NORMAL
?t=4776 ms  Bits=64  FRAME: 0xAA 0xBF 0x6A 0xD5 0xB6 0xF6 0xB5 0x7F | STATE=NORMAL
?t=4776 ms  Bits=64  FRAME: 0xAA 0xBF 0x6A 0xD5 0xB6 0xF6 0xB5 0x7F | STATE=NORMAL
?t=4776 ms  Bits=64  FRAME: 0xAA 0xBF 0x6A 0xD5 0xB6 0xF6 0xB5 0x7F | STATE=NORMAL
?t=5186 ms  Bits=64  FRAME: 0xAA 0xBF 0x6A 0xD5 0xB6 0xF6 0xB5 0x7F | STATE=NORMAL
BURST led=1 horn=0

?t=4775 ms  Bits=64  FRAME: 0xAA 0xBF 0x6A 0xD5 0xB6 0xF6 0xB5 0x7F | STATE=NORMAL
?t=4776 ms  Bits=64  FRAME: 0xAA 0xBF 0x6A 0xD5 0xB6 0xF6 0xB5 0x7F | STATE=NORMAL
?t=4775 ms  Bits=64  FRAME: 0xAA 0xBF 0x6A 0xD5 0xB6 0xF6 0xB5 0x7F | STATE=NORMAL
?t=4776 ms  Bits=64  FRAME: 0xAA 0xBF 0x6A 0xD5 0xB6 0xF6 0xB5 0x7F | STATE=NORMAL
?t=4776 ms  Bits=64  FRAME: 0xAA 0xBF 0x6A 0xD5 0xB6 0xF6 0xB5 0x7F | STATE=NORMAL
?t=4776 ms  Bits=64  FRAME: 0xAA 0xBF 0x6A 0xD5 0xB6 0xF6 0xB5 0x7F | STATE=NORMAL
?t=4775 ms  Bits=64  FRAME: 0xAA 0xBF 0x6A 0xD5 0xB6 0xF6 0xB5 0x7F | STATE=NORMAL
?t=4776 ms  Bits=64  FRAME: 0xAA 0xBF 0x6A 0xD5 0xB6 0xF6 0xB5 0x7F | STATE=NORMAL
?t=2531 ms  Bits=61  FRAME: 0xAA 0xBF 0xAE 0xDA 0xF6 0x7D 0xED | STATE=NORMAL
?t=2531 ms  Bits=66  FRAME: 0xAA 0xBF 0xFE 0xAA 0x6D 0xDF 0xD7 0xFE | STATE=NORMAL
BURST led=1 horn=0

?t=2843 ms  Bits=63  FRAME: 0xAA 0xBF 0x6A 0xD5 0xB6 0xFE 0xDA | STATE=NORMAL
?t=4781 ms  Bits=63  FRAME: 0xAA 0xBF 0x6A 0xD5 0xB6 0xFE 0xDA | STATE=NORMAL
?t=4781 ms  Bits=63  FRAME: 0xAA 0xBF 0x6A 0xD5 0xB6 0xFE 0xDA | STATE=NORMAL
?t=4781 ms  Bits=63  FRAME: 0xAA 0xBF 0x6A 0xD5 0xB6 0xFE 0xDA | STATE=NORMAL
?t=4781 ms  Bits=63  FRAME: 0xAA 0xBF 0x6A 0xD5 0xB6 0xFE 0xDA | STATE=NORMAL
?t=4776 ms  Bits=64  FRAME: 0xAA 0xBF 0x6A 0xD5 0xB6 0xF6 0xB5 0x7F | STATE=NORMAL
?t=4775 ms  Bits=64  FRAME: 0xAA 0xBF 0x6A 0xD5 0xB6 0xF6 0xB5 0x7F | STATE=NORMAL
?t=4776 ms  Bits=64  FRAME: 0xAA 0xBF 0x6A 0xD5 0xB6 0xF6 0xB5 0x7F | STATE=NORMAL
?t=5186 ms  Bits=64  FRAME: 0xAA 0xBF 0x6A 0xD5 0xB6 0xF6 0xB5 0x7F | STATE=NORMAL
BURST led=1 horn=0

?t=4776 ms  Bits=64  FRAME: 0xAA 0xBF 0x6A 0xD5 0xB6 0xF6 0xB5 0x7F | STATE=NORMAL
?t=4776 ms  Bits=64  FRAME: 0xAA 0xBF 0x6A 0xD5 0xB6 0xF6 0xB5 0x7F | STATE=NORMAL
?t=4776 ms  Bits=64  FRAME: 0xAA 0xBF 0x6A 0xD5 0xB6 0xF6 0xB5 0x7F | STATE=NORMAL
?t=4776 ms  Bits=64  FRAME: 0xAA 0xBF 0x6A 0xD5 0xB6 0xF6 0xB5 0x7F | STATE=NORMAL
?t=4776 ms  Bits=64  FRAME: 0xAA 0xBF 0x6A 0xD5 0xB6 0xF6 0xB5 0x7F | STATE=NORMAL
?t=4776 ms  Bits=64  FRAME: 0xAA 0xBF 0x6A 0xD5 0xB6 0xF6 0xB5 0x7F | STATE=NORMAL
?t=4776 ms  Bits=64  FRAME: 0xAA 0xBF 0x6A 0xD5 0xB6 0xF6 0xB5 0x7F | STATE=NORMAL
?t=4774 ms  Bits=63  FRAME: 0xAA 0xBF 0x6A 0xD5 0xB6 0xF6 0xB5 | STATE=NORMAL
BURST led=1 horn=0

?t=5187 ms  Bits=64  FRAME: 0xAA 0xBF 0x6A 0xD5 0xB6 0xF6 0xB5 0x7F | STATE=NORMAL
?t=4775 ms  Bits=64  FRAME: 0xAA 0xBF 0x6A 0xD5 0xB6 0xF6 0xB5 0x7F | STATE=NORMAL
?t=4776 ms  Bits=63  FRAME: 0xAA 0xBF 0x6A 0xD5 0xB6 0xF6 0xB5 | STATE=NORMAL
?t=4776 ms  Bits=64  FRAME: 0xAA 0xBF 0x6A 0xD5 0xB6 0xF6 0xB5 0x7F | STATE=NORMAL
?t=4776 ms  Bits=64  FRAME: 0xAA 0xBF 0x6A 0xD5 0xB6 0xF6 0xB5 0x7F | STATE=NORMAL
?t=4776 ms  Bits=64  FRAME: 0xAA 0xBF 0x6A 0xD5 0xB6 0xF6 0xB5 0x7F | STATE=NORMAL
?t=4776 ms  Bits=64  FRAME: 0xAA 0xBF 0x6A 0xD5 0xB6 0xF6 0xB5 0x7F | STATE=NORMAL
?t=4776 ms  Bits=64  FRAME: 0xAA 0xBF 0x6A 0xD5 0xB6 0xF6 0xB5 0x7F | STATE=NORMAL
?t=4775 ms  Bits=64  FRAME: 0xAA 0xBF 0x6A 0xD5 0xB6 0xF6 0xB5 0x7F | STATE=NORMAL
?t=2531 ms  Bits=65  FRAME: 0xAA 0xBF 0x7E 0xD5 0xB6 0xEF 0x6B 0xFF | STATE=NORMAL
?t=596 ms  Bits=65  FRAME: 0xAA 0xBF 0x7E 0xD5 0xB6 0xEF 0x6B 0xFF | STATE=NORMAL
BURST led=1 horn=0

?t=4781 ms  Bits=63  FRAME: 0xAA 0xBF 0x6A 0xD5 0xB6 0xFE 0xDA | STATE=NORMAL
?t=4781 ms  Bits=63  FRAME: 0xAA 0xBF 0x6A 0xD5 0xB6 0xFE 0xDA | STATE=NORMAL
?t=4781 ms  Bits=63  FRAME: 0xAA 0xBF 0x6A 0xD5 0xB6 0xFE 0xDA | STATE=NORMAL
?t=4780 ms  Bits=63  FRAME: 0xAA 0xBF 0x6A 0xD5 0xB6 0xFE 0xDA | STATE=NORMAL
?t=4779 ms  Bits=63  FRAME: 0xAA 0xBF 0x6A 0xD5 0xB6 0xFE 0xDA | STATE=NORMAL
?t=4776 ms  Bits=64  FRAME: 0xAA 0xBF 0x6A 0xD5 0xB6 0xF6 0xB5 0x7F | STATE=NORMAL
?t=4776 ms  Bits=64  FRAME: 0xAA 0xBF 0x6A 0xD5 0xB6 0xF6 0xB5 0x7F | STATE=NORMAL
?t=4776 ms  Bits=64  FRAME: 0xAA 0xBF 0x6A 0xD5 0xB6 0xF6 0xB5 0x7F | STATE=NORMAL
BURST led=1 horn=0

?t=5185 ms  Bits=63  FRAME: 0xAA 0xBF 0x6A 0xD5 0xB6 0xF6 0xB5 | STATE=NORMAL
?t=4776 ms  Bits=64  FRAME: 0xAA 0xBF 0x6A 0xD5 0xB6 0xF6 0xB5 0x7F | STATE=NORMAL
?t=4776 ms  Bits=64  FRAME: 0xAA 0xBF 0x6A 0xD5 0xB6 0xF6 0xB5 0x7F | STATE=NORMAL
?t=4776 ms  Bits=64  FRAME: 0xAA 0xBF 0x6A 0xD5 0xB6 0xF6 0xB5 0x7F | STATE=NORMAL
?t=4776 ms  Bits=63  FRAME: 0xAA 0xBF 0x6A 0xD5 0xB6 0xF6 0xB5 | STATE=NORMAL
?t=4776 ms  Bits=63  FRAME: 0xAA 0xBF 0x6A 0xD5 0xB6 0xF6 0xB5 | STATE=NORMAL
?t=4775 ms  Bits=64  FRAME: 0xAA 0xBF 0x6A 0xD5 0xB6 0xF6 0xB5 0x7F | STATE=NORMAL
?t=4776 ms  Bits=64  FRAME: 0xAA 0xBF 0x6A 0xD5 0xB6 0xF6 0xB5 0x7F | STATE=NORMAL
?t=5186 ms  Bits=64  FRAME: 0xAA 0xBF 0x6A 0xD5 0xB6 0xF6 0xB5 0x7F | STATE=NORMAL
BURST led=1 horn=0

?t=4776 ms  Bits=64  FRAME: 0xAA 0xBF 0x6A 0xD5 0xB6 0xF6 0xB5 0x7F | STATE=NORMAL
?t=4775 ms  Bits=64  FRAME: 0xAA 0xBF 0x6A 0xD5 0xB6 0xF6 0xB5 0x7F | STATE=NORMAL
?t=4776 ms  Bits=64  FRAME: 0xAA 0xBF 0x6A 0xD5 0xB6 0xF6 0xB5 0x7F | STATE=NORMAL
?t=4776 ms  Bits=63  FRAME: 0xAA 0xBF 0x6A 0xD5 0xB6 0xF6 0xB5 | STATE=NORMAL
?t=4776 ms  Bits=64  FRAME: 0xAA 0xBF 0x6A 0xD5 0xB6 0xF6 0xB5 0x7F | STATE=NORMAL
?t=4776 ms  Bits=64  FRAME: 0xAA 0xBF 0x6A 0xD5 0xB6 0xF6 0xB5 0x7F | STATE=NORMAL
?t=4776 ms  Bits=64  FRAME: 0xAA 0xBF 0x6A 0xD5 0xB6 0xF6 0xB5 0x7F | STATE=NORMAL
?t=4776 ms  Bits=64  FRAME: 0xAA 0xBF 0x6A 0xD5 0xB6 0xF6 0xB5 0x7F | STATE=NORMAL
?t=2531 ms  Bits=62  FRAME: 0xAA 0xBF 0xAE 0xDA 0xF6 0x7D 0xED | STATE=NORMAL
?t=2530 ms  Bits=66  FRAME: 0xAA 0xBF 0xFE 0xAA 0x6D 0xDF 0xD7 0xFE | STATE=NORMAL
BURST led=1 horn=0

?t=2843 ms  Bits=63  FRAME: 0xAA 0xBF 0x6A 0xD5 0xB6 0xFE 0xDA | STATE=NORMAL
?t=4781 ms  Bits=63  FRAME: 0xAA 0xBF 0x6A 0xD5 0xB6 0xFE 0xDA | STATE=NORMAL
?t=4781 ms  Bits=63  FRAME: 0xAA 0xBF 0x6A 0xD5 0xB6 0xFE 0xDA | STATE=NORMAL
?t=4781 ms  Bits=63  FRAME: 0xAA 0xBF 0x6A 0xD5 0xB6 0xFE 0xDA | STATE=NORMAL
?t=4780 ms  Bits=62  FRAME: 0xAA 0xBF 0x6A 0xD5 0xB6 0xFE 0xDA | STATE=NORMAL
?t=4776 ms  Bits=64  FRAME: 0xAA 0xBF 0x6A 0xD5 0xB6 0xF6 0xB5 0x7F | STATE=NORMAL
?t=4776 ms  Bits=64  FRAME: 0xAA 0xBF 0x6A 0xD5 0xB6 0xF6 0xB5 0x7F | STATE=NORMAL
?t=4776 ms  Bits=64  FRAME: 0xAA 0xBF 0x6A 0xD5 0xB6 0xF6 0xB5 0x7F | STATE=NORMAL
?t=5201 ms  Bits=63  FRAME: 0xAA 0xBF 0x6A 0xD5 0xB6 0xF6 0xB5 | STATE=NORMAL
BURST led=1 horn=0

?t=4776 ms  Bits=64  FRAME: 0xAA 0xBF 0x6A 0xD5 0xB6 0xF6 0xB5 0x7F | STATE=NORMAL
?t=4776 ms  Bits=64  FRAME: 0xAA 0xBF 0x6A 0xD5 0xB6 0xF6 0xB5 0x7F | STATE=NORMAL
?t=4776 ms  Bits=64  FRAME: 0xAA 0xBF 0x6A 0xD5 0xB6 0xF6 0xB5 0x7F | STATE=NORMAL
?t=4776 ms  Bits=64  FRAME: 0xAA 0xBF 0x6A 0xD5 0xB6 0xF6 0xB5 0x7F | STATE=NORMAL
?t=4775 ms  Bits=64  FRAME: 0xAA 0xBF 0x6A 0xD5 0xB6 0xF6 0xB5 0x7F | STATE=NORMAL
?t=4776 ms  Bits=64  FRAME: 0xAA 0xBF 0x6A 0xD5 0xB6 0xF6 0xB5 0x7F | STATE=NORMAL
?t=4776 ms  Bits=64  FRAME: 0xAA 0xBF 0x6A 0xD5 0xB6 0xF6 0xB5 0x7F | STATE=NORMAL
?t=4775 ms  Bits=64  FRAME: 0xAA 0xBF 0x6A 0xD5 0xB6 0xF6 0xB5 0x7F | STATE=NORMAL
BURST led=1 horn=0

?t=5186 ms  Bits=64  FRAME: 0xAA 0xBF 0x6A 0xD5 0xB6 0xF6 0xB5 0x7F | STATE=NORMAL
?t=4776 ms  Bits=64  FRAME: 0xAA 0xBF 0x6A 0xD5 0xB6 0xF6 0xB5 0x7F | STATE=NORMAL
?t=4776 ms  Bits=64  FRAME: 0xAA 0xBF 0x6A 0xD5 0xB6 0xF6 0xB5 0x7F | STATE=NORMAL
?t=4776 ms  Bits=64  FRAME: 0xAA 0xBF 0x6A 0xD5 0xB6 0xF6 0xB5 0x7F | STATE=NORMAL
?t=4776 ms  Bits=64  FRAME: 0xAA 0xBF 0x6A 0xD5 0xB6 0xF6 0xB5 0x7F | STATE=NORMAL
?t=4776 ms  Bits=64  FRAME: 0xAA 0xBF 0x6A 0xD5 0xB6 0xF6 0xB5 0x7F | STATE=NORMAL
?t=4776 ms  Bits=64  FRAME: 0xAA 0xBF 0x6A 0xD5 0xB6 0xF6 0xB5 0x7F | STATE=NORMAL
?t=4776 ms  Bits=64  FRAME: 0xAA 0xBF 0x6A 0xD5 0xB6 0xF6 0xB5 0x7F | STATE=NORMAL
?t=4775 ms  Bits=64  FRAME: 0xAA 0xBF 0x6A 0xD5 0xB6 0xF6 0xB5 0x7F | STATE=NORMAL
?t=2530 ms  Bits=64  FRAME: 0xAA 0xBF 0xAE 0x6A 0xDB 0xF7 0xB5 0x7F | STATE=NORMAL
?t=597 ms  Bits=65  FRAME: 0xAA 0xBF 0x7E 0xD5 0xB6 0xEF 0x6B 0xFF | STATE=NORMAL
BURST led=1 horn=0

?t=4780 ms  Bits=63  FRAME: 0xAA 0xBF 0x6A 0xD5 0xB6 0xFE 0xDA | STATE=NORMAL
?t=4781 ms  Bits=63  FRAME: 0xAA 0xBF 0x6A 0xD5 0xB6 0xFE 0xDA | STATE=NORMAL
?t=4781 ms  Bits=62  FRAME: 0xAA 0xBF 0x6A 0xD5 0xB6 0xFE 0xDA | STATE=NORMAL
?t=4781 ms  Bits=63  FRAME: 0xAA 0xBF 0x6A 0xD5 0xB6 0xFE 0xDA | STATE=NORMAL
?t=4778 ms  Bits=63  FRAME: 0xAA 0xBF 0x6A 0xD5 0xB6 0xFE 0xDA | STATE=NORMAL
?t=4776 ms  Bits=64  FRAME: 0xAA 0xBF 0x6A 0xD5 0xB6 0xF6 0xB5 0x7F | STATE=NORMAL
?t=4776 ms  Bits=63  FRAME: 0xAA 0xBF 0x6A 0xD5 0xB6 0xF6 0xB5 | STATE=NORMAL
?t=4776 ms  Bits=64  FRAME: 0xAA 0xBF 0x6A 0xD5 0xB6 0xF6 0xB5 0x7F | STATE=NORMAL
BURST led=1 horn=0

?t=5185 ms  Bits=64  FRAME: 0xAA 0xBF 0x6A 0xD5 0xB6 0xF6 0xB5 0x7F | STATE=NORMAL
?t=4776 ms  Bits=63  FRAME: 0xAA 0xBF 0x6A 0xD5 0xB6 0xF6 0xB5 | STATE=NORMAL
?t=4775 ms  Bits=64  FRAME: 0xAA 0xBF 0x6A 0xD5 0xB6 0xF6 0xB5 0x7F | STATE=NORMAL
?t=4776 ms  Bits=64  FRAME: 0xAA 0xBF 0x6A 0xD5 0xB6 0xF6 0xB5 0x7F | STATE=NORMAL
?t=4776 ms  Bits=64  FRAME: 0xAA 0xBF 0x6A 0xD5 0xB6 0xF6 0xB5 0x7F | STATE=NORMAL
?t=4776 ms  Bits=64  FRAME: 0xAA 0xBF 0x6A 0xD5 0xB6 0xF6 0xB5 0x7F | STATE=NORMAL
?t=4775 ms  Bits=64  FRAME: 0xAA 0xBF 0x6A 0xD5 0xB6 0xF6 0xB5 0x7F | STATE=NORMAL
?t=4776 ms  Bits=64  FRAME: 0xAA 0xBF 0x6A 0xD5 0xB6 0xF6 0xB5 0x7F | STATE=NORMAL
?t=5185 ms  Bits=64  FRAME: 0xAA 0xBF 0x6A 0xD5 0xB6 0xF6 0xB5 0x7F | STATE=NORMAL
BURST led=1 horn=0

?t=4776 ms  Bits=64  FRAME: 0xAA 0xBF 0x6A 0xD5 0xB6 0xF6 0xB5 0x7F | STATE=NORMAL
?t=4776 ms  Bits=64  FRAME: 0xAA 0xBF 0x6A 0xD5 0xB6 0xF6 0xB5 0x7F | STATE=NORMAL
?t=4775 ms  Bits=64  FRAME: 0xAA 0xBF 0x6A 0xD5 0xB6 0xF6 0xB5 0x7F | STATE=NORMAL
?t=4776 ms  Bits=64  FRAME: 0xAA 0xBF 0x6A 0xD5 0xB6 0xF6 0xB5 0x7F | STATE=NORMAL
?t=4776 ms  Bits=64  FRAME: 0xAA 0xBF 0x6A 0xD5 0xB6 0xF6 0xB5 0x7F | STATE=NORMAL
?t=4776 ms  Bits=64  FRAME: 0xAA 0xBF 0x6A 0xD5 0xB6 0xF6 0xB5 0x7F | STATE=NORMAL
?t=4776 ms  Bits=63  FRAME: 0xAA 0xBF 0x6A 0xD5 0xB6 0xF6 0xB5 | STATE=NORMAL
?t=4775 ms  Bits=64  FRAME: 0xAA 0xBF 0x6A 0xD5 0xB6 0xF6 0xB5 0x7F | STATE=NORMAL
?t=2531 ms  Bits=61  FRAME: 0xAA 0xBF 0xAE 0xDA 0xF6 0x7D 0xED | STATE=NORMAL
?t=2530 ms  Bits=66  FRAME: 0xAA 0xBF 0xFE 0xAA 0x6D 0xDF 0xD7 0xFE | STATE=NORMAL
BURST led=1 horn=0

?t=2844 ms  Bits=63  FRAME: 0xAA 0xBF 0x6A 0xD5 0xB6 0xFE 0xDA | STATE=NORMAL
?t=4780 ms  Bits=63  FRAME: 0xAA 0xBF 0x6A 0xD5 0xB6 0xFE 0xDA | STATE=NORMAL
?t=4781 ms  Bits=63  FRAME: 0xAA 0xBF 0x6A 0xD5 0xB6 0xFE 0xDA | STATE=NORMAL
?t=4781 ms  Bits=63  FRAME: 0xAA 0xBF 0x6A 0xD5 0xB6 0xFE 0xDA | STATE=NORMAL
?t=4780 ms  Bits=63  FRAME: 0xAA 0xBF 0x6A 0xD5 0xB6 0xFE 0xDA | STATE=NORMAL
?t=4776 ms  Bits=64  FRAME: 0xAA 0xBF 0x6A 0xD5 0xB6 0xF6 0xB5 0x7F | STATE=NORMAL
?t=4776 ms  Bits=64  FRAME: 0xAA 0xBF 0x6A 0xD5 0xB6 0xF6 0xB5 0x7F | STATE=NORMAL
?t=4776 ms  Bits=64  FRAME: 0xAA 0xBF 0x6A 0xD5 0xB6 0xF6 0xB5 0x7F | STATE=NORMAL
?t=5186 ms  Bits=64  FRAME: 0xAA 0xBF 0x6A 0xD5 0xB6 0xF6 0xB5 0x7F | STATE=NORMAL
BURST led=1 horn=0

?t=4775 ms  Bits=63  FRAME: 0xAA 0xBF 0x6A 0xD5 0xB6 0xF6 0xB5 | STATE=NORMAL
?t=4776 ms  Bits=64  FRAME: 0xAA 0xBF 0x6A 0xD5 0xB6 0xF6 0xB5 0x7F | STATE=NORMAL
?t=4776 ms  Bits=64  FRAME: 0xAA 0xBF 0x6A 0xD5 0xB6 0xF6 0xB5 0x7F | STATE=NORMAL
?t=4776 ms  Bits=64  FRAME: 0xAA 0xBF 0x6A 0xD5 0xB6 0xF6 0xB5 0x7F | STATE=NORMAL
?t=4776 ms  Bits=63  FRAME: 0xAA 0xBF 0x6A 0xD5 0xB6 0xF6 0xB5 | STATE=NORMAL
?t=4776 ms  Bits=64  FRAME: 0xAA 0xBF 0x6A 0xD5 0xB6 0xF6 0xB5 0x7F | STATE=NORMAL
?t=4776 ms  Bits=64  FRAME: 0xAA 0xBF 0x6A 0xD5 0xB6 0xF6 0xB5 0x7F | STATE=NORMAL
?t=4777 ms  Bits=64  FRAME: 0xAA 0xBF 0x6A 0xD5 0xB6 0xF6 0xB5 0x7F | STATE=NORMAL
BURST led=1 horn=0

?t=5186 ms  Bits=64  FRAME: 0xAA 0xBF 0x6A 0xD5 0xB6 0xF6 0xB5 0x7F | STATE=NORMAL
?t=4776 ms  Bits=64  FRAME: 0xAA 0xBF 0x6A 0xD5 0xB6 0xF6 0xB5 0x7F | STATE=NORMAL
?t=4775 ms  Bits=64  FRAME: 0xAA 0xBF 0x6A 0xD5 0xB6 0xF6 0xB5 0x7F | STATE=NORMAL
?t=4776 ms  Bits=64  FRAME: 0xAA 0xBF 0x6A 0xD5 0xB6 0xF6 0xB5 0x7F | STATE=NORMAL
?t=4775 ms  Bits=64  FRAME: 0xAA 0xBF 0x6A 0xD5 0xB6 0xF6 0xB5 0x7F | STATE=NORMAL
?t=4776 ms  Bits=64  FRAME: 0xAA 0xBF 0x6A 0xD5 0xB6 0xF6 0xB5 0x7F | STATE=NORMAL
?t=4776 ms  Bits=64  FRAME: 0xAA 0xBF 0x6A 0xD5 0xB6 0xF6 0xB5 0x7F | STATE=NORMAL
?t=4776 ms  Bits=64  FRAME: 0xAA 0xBF 0x6A 0xD5 0xB6 0xF6 0xB5 0x7F | STATE=NORMAL
?t=4776 ms  Bits=64  FRAME: 0xAA 0xBF 0x6A 0xD5 0xB6 0xF6 0xB5 0x7F | STATE=NORMAL
?t=2530 ms  Bits=65  FRAME: 0xAA 0xBF 0x7E 0xD5 0xB6 0xEF 0x6B 0xFF | STATE=NORMAL
?t=596 ms  Bits=65  FRAME: 0xAA 0xBF 0x7E 0xD5 0xB6 0xEF 0x6B 0xFF | STATE=NORMAL
BURST led=1 horn=0

?t=4781 ms  Bits=63  FRAME: 0xAA 0xBF 0x6A 0xD5 0xB6 0xFE 0xDA | STATE=NORMAL
?t=4781 ms  Bits=62  FRAME: 0xAA 0xBF 0x6A 0xD5 0xB6 0xFE 0xDA | STATE=NORMAL
?t=4782 ms  Bits=63  FRAME: 0xAA 0xBF 0x6A 0xD5 0xB6 0xFE 0xDA | STATE=NORMAL
?t=4781 ms  Bits=63  FRAME: 0xAA 0xBF 0x6A 0xD5 0xB6 0xFE 0xDA | STATE=NORMAL
?t=4779 ms  Bits=62  FRAME: 0xAA 0xBF 0x6A 0xD5 0xB6 0xFE 0xDA | STATE=NORMAL
?t=4776 ms  Bits=63  FRAME: 0xAA 0xBF 0x6A 0xD5 0xB6 0xF6 0xB5 | STATE=NORMAL
?t=4775 ms  Bits=64  FRAME: 0xAA 0xBF 0x6A 0xD5 0xB6 0xF6 0xB5 0x7F | STATE=NORMAL
?t=4776 ms  Bits=63  FRAME: 0xAA 0xBF 0x6A 0xD5 0xB6 0xF6 0xB5 | STATE=NORMAL
BURST led=1 horn=0

?t=5186 ms  Bits=64  FRAME: 0xAA 0xBF 0x6A 0xD5 0xB6 0xF6 0xB5 0x7F | STATE=NORMAL
?t=4776 ms  Bits=64  FRAME: 0xAA 0xBF 0x6A 0xD5 0xB6 0xF6 0xB5 0x7F | STATE=NORMAL
?t=4776 ms  Bits=64  FRAME: 0xAA 0xBF 0x6A 0xD5 0xB6 0xF6 0xB5 0x7F | STATE=NORMAL
?t=4776 ms  Bits=64  FRAME: 0xAA 0xBF 0x6A 0xD5 0xB6 0xF6 0xB5 0x7F | STATE=NORMAL
?t=4776 ms  Bits=64  FRAME: 0xAA 0xBF 0x6A 0xD5 0xB6 0xF6 0xB5 0x7F | STATE=NORMAL
?t=4776 ms  Bits=63  FRAME: 0xAA 0xBF 0x6A 0xD5 0xB6 0xF6 0xB5 | STATE=NORMAL
?t=4776 ms  Bits=64  FRAME: 0xAA 0xBF 0x6A 0xD5 0xB6 0xF6 0xB5 0x7F | STATE=NORMAL
?t=4775 ms  Bits=63  FRAME: 0xAA 0xBF 0x6A 0xD5 0xB6 0xF6 0xB5 | STATE=NORMAL
?t=5201 ms  Bits=64  FRAME: 0xAA 0xBF 0x6A 0xD5 0xB6 0xF6 0xB5 0x7F | STATE=NORMAL
BURST led=1 horn=0

?t=4776 ms  Bits=63  FRAME: 0xAA 0xBF 0x6A 0xD5 0xB6 0xF6 0xB5 | STATE=NORMAL
?t=4776 ms  Bits=64  FRAME: 0xAA 0xBF 0x6A 0xD5 0xB6 0xF6 0xB5 0x7F | STATE=NORMAL
?t=4777 ms  Bits=63  FRAME: 0xAA 0xBF 0x6A 0xD5 0xB6 0xF6 0xB5 | STATE=NORMAL
?t=4776 ms  Bits=63  FRAME: 0xAA 0xBF 0x6A 0xD5 0xB6 0xF6 0xB5 | STATE=NORMAL
?t=4776 ms  Bits=64  FRAME: 0xAA 0xBF 0x6A 0xD5 0xB6 0xF6 0xB5 0x7F | STATE=NORMAL
?t=4776 ms  Bits=64  FRAME: 0xAA 0xBF 0x6A 0xD5 0xB6 0xF6 0xB5 0x7F | STATE=NORMAL
?t=4776 ms  Bits=64  FRAME: 0xAA 0xBF 0x6A 0xD5 0xB6 0xF6 0xB5 0x7F | STATE=NORMAL
?t=4776 ms  Bits=63  FRAME: 0xAA 0xBF 0x6A 0xD5 0xB6 0xF6 0xB5 | STATE=NORMAL
?t=2532 ms  Bits=62  FRAME: 0xAA 0xBF 0xAE 0xDA 0xF6 0x7D 0xED | STATE=NORMAL
?t=2530 ms  Bits=66  FRAME: 0xAA 0xBF 0xFE 0xAA 0x6D 0xDF 0xD7 0xFE | STATE=NORMAL
BURST led=1 horn=0

?t=2843 ms  Bits=62  FRAME: 0xAA 0xBF 0x6A 0xD5 0xB6 0xFE 0xDA | STATE=NORMAL
?t=4781 ms  Bits=62  FRAME: 0xAA 0xBF 0x6A 0xD5 0xB6 0xFE 0xDA | STATE=NORMAL
?t=4781 ms  Bits=63  FRAME: 0xAA 0xBF 0x6A 0xD5 0xB6 0xFE 0xDA | STATE=NORMAL
?t=4781 ms  Bits=63  FRAME: 0xAA 0xBF 0x6A 0xD5 0xB6 0xFE 0xDA | STATE=NORMAL
?t=4781 ms  Bits=63  FRAME: 0xAA 0xBF 0x6A 0xD5 0xB6 0xFE 0xDA | STATE=NORMAL
?t=4776 ms  Bits=64  FRAME: 0xAA 0xBF 0x6A 0xD5 0xB6 0xF6 0xB5 0x7F | STATE=NORMAL
?t=4776 ms  Bits=63  FRAME: 0xAA 0xBF 0x6A 0xD5 0xB6 0xF6 0xB5 | STATE=NORMAL
?t=4776 ms  Bits=64  FRAME: 0xAA 0xBF 0x6A 0xD5 0xB6 0xF6 0xB5 0x7F | STATE=NORMAL
?t=5186 ms  Bits=63  FRAME: 0xAA 0xBF 0x6A 0xD5 0xB6 0xF6 0xB5 | STATE=NORMAL
BURST led=1 horn=0

?t=4776 ms  Bits=63  FRAME: 0xAA 0xBF 0x6A 0xD5 0xB6 0xF6 0xB5 | STATE=NORMAL
?t=4776 ms  Bits=64  FRAME: 0xAA 0xBF 0x6A 0xD5 0xB6 0xF6 0xB5 0x7F | STATE=NORMAL
?t=4776 ms  Bits=64  FRAME: 0xAA 0xBF 0x6A 0xD5 0xB6 0xF6 0xB5 0x7F | STATE=NORMAL
?t=4775 ms  Bits=64  FRAME: 0xAA 0xBF 0x6A 0xD5 0xB6 0xF6 0xB5 0x7F | STATE=NORMAL
?t=4776 ms  Bits=64  FRAME: 0xAA 0xBF 0x6A 0xD5 0xB6 0xF6 0xB5 0x7F | STATE=NORMAL
?t=4776 ms  Bits=64  FRAME: 0xAA 0xBF 0x6A 0xD5 0xB6 0xF6 0xB5 0x7F | STATE=NORMAL
?t=4776 ms  Bits=64  FRAME: 0xAA 0xBF 0x6A 0xD5 0xB6 0xF6 0xB5 0x7F | STATE=NORMAL
?t=4776 ms  Bits=64  FRAME: 0xAA 0xBF 0x6A 0xD5 0xB6 0xF6 0xB5 0x7F | STATE=NORMAL
BURST led=1 horn=0

?t=5186 ms  Bits=64  FRAME: 0xAA 0xBF 0x6A 0xD5 0xB6 0xF6 0xB5 0x7F | STATE=NORMAL
?t=4776 ms  Bits=64  FRAME: 0xAA 0xBF 0x6A 0xD5 0xB6 0xF6 0xB5 0x7F | STATE=NORMAL
?t=4776 ms  Bits=64  FRAME: 0xAA 0xBF 0x6A 0xD5 0xB6 0xF6 0xB5 0x7F | STATE=NORMAL
?t=4776 ms  Bits=64  FRAME: 0xAA 0xBF 0x6A 0xD5 0xB6 0xF6 0xB5 0x7F | STATE=NORMAL
?t=4775 ms  Bits=64  FRAME: 0xAA 0xBF 0x6A 0xD5 0xB6 0xF6 0xB5 0x7F | STATE=NORMAL
?t=4776 ms  Bits=64  FRAME: 0xAA 0xBF 0x6A 0xD5 0xB6 0xF6 0xB5 0x7F | STATE=NORMAL
?t=4776 ms  Bits=64  FRAME: 0xAA 0xBF 0x6A 0xD5 0xB6 0xF6 0xB5 0x7F | STATE=NORMAL
?t=4777 ms  Bits=64  FRAME: 0xAA 0xBF 0x6A 0xD5 0xB6 0xF6 0xB5 0x7F | STATE=NORMAL
?t=4776 ms  Bits=64  FRAME: 0xAA 0xBF 0x6A 0xD5 0xB6 0xF6 0xB5 0x7F | STATE=NORMAL
?t=2531 ms  Bits=64  FRAME: 0xAA 0xBF 0xAE 0x6A 0xDB 0xF7 0xB5 0x7F | STATE=NORMAL
?t=596 ms  Bits=65  FRAME: 0xAA 0xBF 0x7E 0xD5 0xB6 0xEF 0x6B 0xFF | STATE=NORMAL
BURST led=1 horn=0

?t=4781 ms  Bits=63  FRAME: 0xAA 0xBF 0x6A 0xD5 0xB6 0xFE 0xDA | STATE=NORMAL
?t=4781 ms  Bits=63  FRAME: 0xAA 0xBF 0x6A 0xD5 0xB6 0xFE 0xDA | STATE=NORMAL
?t=4781 ms  Bits=62  FRAME: 0xAA 0xBF 0x6A 0xD5 0xB6 0xFE 0xDA | STATE=NORMAL
?t=4781 ms  Bits=63  FRAME: 0xAA 0xBF 0x6A 0xD5 0xB6 0xFE 0xDA | STATE=NORMAL
?t=4778 ms  Bits=63  FRAME: 0xAA 0xBF 0x6A 0xD5 0xB6 0xFE 0xDA | STATE=NORMAL
?t=4776 ms  Bits=64  FRAME: 0xAA 0xBF 0x6A 0xD5 0xB6 0xF6 0xB5 0x7F | STATE=NORMAL
?t=4776 ms  Bits=64  FRAME: 0xAA 0xBF 0x6A 0xD5 0xB6 0xF6 0xB5 0x7F | STATE=NORMAL
?t=4776 ms  Bits=64  FRAME: 0xAA 0xBF 0x6A 0xD5 0xB6 0xF6 0xB5 0x7F | STATE=NORMAL
BURST led=1 horn=0

?t=5185 ms  Bits=63  FRAME: 0xAA 0xBF 0x6A 0xD5 0xB6 0xF6 0xB5 | STATE=NORMAL
?t=4776 ms  Bits=64  FRAME: 0xAA 0xBF 0x6A 0xD5 0xB6 0xF6 0xB5 0x7F | STATE=NORMAL
?t=4776 ms  Bits=64  FRAME: 0xAA 0xBF 0x6A 0xD5 0xB6 0xF6 0xB5 0x7F | STATE=NORMAL
?t=4776 ms  Bits=64  FRAME: 0xAA 0xBF 0x6A 0xD5 0xB6 0xF6 0xB5 0x7F | STATE=NORMAL
?t=4776 ms  Bits=63  FRAME: 0xAA 0xBF 0x6A 0xD5 0xB6 0xF6 0xB5 | STATE=NORMAL
?t=4777 ms  Bits=64  FRAME: 0xAA 0xBF 0x6A 0xD5 0xB6 0xF6 0xB5 0x7F | STATE=NORMAL
?t=4775 ms  Bits=64  FRAME: 0xAA 0xBF 0x6A 0xD5 0xB6 0xF6 0xB5 0x7F | STATE=NORMAL
?t=4776 ms  Bits=64  FRAME: 0xAA 0xBF 0x6A 0xD5 0xB6 0xF6 0xB5 0x7F | STATE=NORMAL
?t=5186 ms  Bits=64  FRAME: 0xAA 0xBF 0x6A 0xD5 0xB6 0xF6 0xB5 0x7F | STATE=NORMAL
BURST led=1 horn=0

?t=4776 ms  Bits=64  FRAME: 0xAA 0xBF 0x6A 0xD5 0xB6 0xF6 0xB5 0x7F | STATE=NORMAL
?t=4776 ms  Bits=64  FRAME: 0xAA 0xBF 0x6A 0xD5 0xB6 0xF6 0xB5 0x7F | STATE=NORMAL
?t=4776 ms  Bits=64  FRAME: 0xAA 0xBF 0x6A 0xD5 0xB6 0xF6 0xB5 0x7F | STATE=NORMAL
?t=4776 ms  Bits=64  FRAME: 0xAA 0xBF 0x6A 0xD5 0xB6 0xF6 0xB5 0x7F | STATE=NORMAL
?t=4776 ms  Bits=64  FRAME: 0xAA 0xBF 0x6A 0xD5 0xB6 0xF6 0xB5 0x7F | STATE=NORMAL
?t=4776 ms  Bits=63  FRAME: 0xAA 0xBF 0x6A 0xD5 0xB6 0xF6 0xB5 | STATE=NORMAL
?t=4776 ms  Bits=64  FRAME: 0xAA 0xBF 0x6A 0xD5 0xB6 0xF6 0xB5 0x7F | STATE=NORMAL
?t=4776 ms  Bits=63  FRAME: 0xAA 0xBF 0x6A 0xD5 0xB6 0xF6 0xB5 | STATE=NORMAL
?t=2531 ms  Bits=62  FRAME: 0xAA 0xBF 0xAE 0xDA 0xF6 0x7D 0xED | STATE=NORMAL
?t=2530 ms  Bits=66  FRAME: 0xAA 0xBF 0xFE 0xAA 0x6D 0xDF 0xD7 0xFE | STATE=NORMAL
BURST led=1 horn=0

?t=2844 ms  Bits=62  FRAME: 0xAA 0xBF 0x6A 0xD5 0xB6 0xFE 0xDA | STATE=NORMAL
?t=4781 ms  Bits=63  FRAME: 0xAA 0xBF 0x6A 0xD5 0xB6 0xFE 0xDA | STATE=NORMAL
?t=4781 ms  Bits=63  FRAME: 0xAA 0xBF 0x6A 0xD5 0xB6 0xFE 0xDA | STATE=NORMAL
?t=4781 ms  Bits=63  FRAME: 0xAA 0xBF 0x6A 0xD5 0xB6 0xFE 0xDA | STATE=NORMAL
?t=4781 ms  Bits=63  FRAME: 0xAA 0xBF 0x6A 0xD5 0xB6 0xFE 0xDA | STATE=NORMAL
?t=4776 ms  Bits=63  FRAME: 0xAA 0xBF 0x6A 0xD5 0xB6 0xF6 0xB5 | STATE=NORMAL
?t=4776 ms  Bits=64  FRAME: 0xAA 0xBF 0x6A 0xD5 0xB6 0xF6 0xB5 0x7F | STATE=NORMAL
?t=4776 ms  Bits=64  FRAME: 0xAA 0xBF 0x6A 0xD5 0xB6 0xF6 0xB5 0x7F | STATE=NORMAL
?t=5186 ms  Bits=64  FRAME: 0xAA 0xBF 0x6A 0xD5 0xB6 0xF6 0xB5 0x7F | STATE=NORMAL
BURST led=1 horn=0

?t=4776 ms  Bits=64  FRAME: 0xAA 0xBF 0x6A 0xD5 0xB6 0xF6 0xB5 0x7F | STATE=NORMAL
?t=4776 ms  Bits=64  FRAME: 0xAA 0xBF 0x6A 0xD5 0xB6 0xF6 0xB5 0x7F | STATE=NORMAL
?t=4776 ms  Bits=64  FRAME: 0xAA 0xBF 0x6A 0xD5 0xB6 0xF6 0xB5 0x7F | STATE=NORMAL
?t=4776 ms  Bits=64  FRAME: 0xAA 0xBF 0x6A 0xD5 0xB6 0xF6 0xB5 0x7F | STATE=NORMAL
?t=4776 ms  Bits=64  FRAME: 0xAA 0xBF 0x6A 0xD5 0xB6 0xF6 0xB5 0x7F | STATE=NORMAL
?t=4776 ms  Bits=64  FRAME: 0xAA 0xBF 0x6A 0xD5 0xB6 0xF6 0xB5 0x7F | STATE=NORMAL
?t=4776 ms  Bits=63  FRAME: 0xAA 0xBF 0x6A 0xD5 0xB6 0xF6 0xB5 | STATE=NORMAL
?t=4776 ms  Bits=63  FRAME: 0xAA 0xBF 0x6A 0xD5 0xB6 0xF6 0xB5 | STATE=NORMAL
BURST led=1 horn=0

?t=5186 ms  Bits=64  FRAME: 0xAA 0xBF 0x6A 0xD5 0xB6 0xF6 0xB5 0x7F | STATE=NORMAL
?t=4774 ms  Bits=64  FRAME: 0xAA 0xBF 0x6A 0xD5 0xB6 0xF6 0xB5 0x7F | STATE=NORMAL
?t=4776 ms  Bits=64  FRAME: 0xAA 0xBF 0x6A 0xD5 0xB6 0xF6 0xB5 0x7F | STATE=NORMAL
?t=4776 ms  Bits=63  FRAME: 0xAA 0xBF 0x6A 0xD5 0xB6 0xF6 0xB5 | STATE=NORMAL
?t=4775 ms  Bits=64  FRAME: 0xAA 0xBF 0x6A 0xD5 0xB6 0xF6 0xB5 0x7F | STATE=NORMAL
?t=4776 ms  Bits=64  FRAME: 0xAA 0xBF 0x6A 0xD5 0xB6 0xF6 0xB5 0x7F | STATE=NORMAL
?t=4776 ms  Bits=64  FRAME: 0xAA 0xBF 0x6A 0xD5 0xB6 0xF6 0xB5 0x7F | STATE=NORMAL
?t=4776 ms  Bits=64  FRAME: 0xAA 0xBF 0x6A 0xD5 0xB6 0xF6 0xB5 0x7F | STATE=NORMAL
?t=4776 ms  Bits=63  FRAME: 0xAA 0xBF 0x6A 0xD5 0xB6 0xF6 0xB5 | STATE=NORMAL
?t=2530 ms  Bits=65  FRAME: 0xAA 0xBF 0x7E 0xD5 0xB6 0xEF 0x6B 0xFF | STATE=NORMAL
?t=612 ms  Bits=64  FRAME: 0xAA 0xBF 0x7E 0xD5 0xB6 0xEF 0x6B 0xFF | STATE=NORMAL
BURST led=1 horn=0

?t=4780 ms  Bits=62  FRAME: 0xAA 0xBF 0x6A 0xD5 0xB6 0xFE 0xDA | STATE=NORMAL
?t=4781 ms  Bits=63  FRAME: 0xAA 0xBF 0x6A 0xD5 0xB6 0xFE 0xDA | STATE=NORMAL
?t=4781 ms  Bits=63  FRAME: 0xAA 0xBF 0x6A 0xD5 0xB6 0xFE 0xDA | STATE=NORMAL
?t=4781 ms  Bits=63  FRAME: 0xAA 0xBF 0x6A 0xD5 0xB6 0xFE 0xDA | STATE=NORMAL
?t=4778 ms  Bits=63  FRAME: 0xAA 0xBF 0x6A 0xD5 0xB6 0xFE 0xDA | STATE=NORMAL
?t=4776 ms  Bits=64  FRAME: 0xAA 0xBF 0x6A 0xD5 0xB6 0xF6 0xB5 0x7F | STATE=NORMAL
?t=4776 ms  Bits=64  FRAME: 0xAA 0xBF 0x6A 0xD5 0xB6 0xF6 0xB5 0x7F | STATE=NORMAL
?t=4776 ms  Bits=64  FRAME: 0xAA 0xBF 0x6A 0xD5 0xB6 0xF6 0xB5 0x7F | STATE=NORMAL
BURST led=1 horn=0

?t=5185 ms  Bits=64  FRAME: 0xAA 0xBF 0x6A 0xD5 0xB6 0xF6 0xB5 0x7F | STATE=NORMAL
?t=4776 ms  Bits=64  FRAME: 0xAA 0xBF 0x6A 0xD5 0xB6 0xF6 0xB5 0x7F | STATE=NORMAL
?t=4775 ms  Bits=64  FRAME: 0xAA 0xBF 0x6A 0xD5 0xB6 0xF6 0xB5 0x7F | STATE=NORMAL
?t=4776 ms  Bits=64  FRAME: 0xAA 0xBF 0x6A 0xD5 0xB6 0xF6 0xB5 0x7F | STATE=NORMAL
?t=4776 ms  Bits=64  FRAME: 0xAA 0xBF 0x6A 0xD5 0xB6 0xF6 0xB5 0x7F | STATE=NORMAL
?t=4776 ms  Bits=64  FRAME: 0xAA 0xBF 0x6A 0xD5 0xB6 0xF6 0xB5 0x7F | STATE=NORMAL
?t=4776 ms  Bits=64  FRAME: 0xAA 0xBF 0x6A 0xD5 0xB6 0xF6 0xB5 0x7F | STATE=NORMAL
?t=4776 ms  Bits=64  FRAME: 0xAA 0xBF 0x6A 0xD5 0xB6 0xF6 0xB5 0x7F | STATE=NORMAL
?t=5185 ms  Bits=63  FRAME: 0xAA 0xBF 0x6A 0xD5 0xB6 0xF6 0xB5 | STATE=NORMAL
BURST led=1 horn=0

?t=4776 ms  Bits=64  FRAME: 0xAA 0xBF 0x6A 0xD5 0xB6 0xF6 0xB5 0x7F | STATE=NORMAL
?t=4776 ms  Bits=64  FRAME: 0xAA 0xBF 0x6A 0xD5 0xB6 0xF6 0xB5 0x7F | STATE=NORMAL
?t=4776 ms  Bits=64  FRAME: 0xAA 0xBF 0x6A 0xD5 0xB6 0xF6 0xB5 0x7F | STATE=NORMAL
?t=4776 ms  Bits=64  FRAME: 0xAA 0xBF 0x6A 0xD5 0xB6 0xF6 0xB5 0x7F | STATE=NORMAL
?t=4776 ms  Bits=63  FRAME: 0xAA 0xBF 0x6A 0xD5 0xB6 0xF6 0xB5 | STATE=NORMAL
?t=4776 ms  Bits=63  FRAME: 0xAA 0xBF 0x6A 0xD5 0xB6 0xF6 0xB5 | STATE=NORMAL
?t=4775 ms  Bits=64  FRAME: 0xAA 0xBF 0x6A 0xD5 0xB6 0xF6 0xB5 0x7F | STATE=NORMAL
?t=4776 ms  Bits=64  FRAME: 0xAA 0xBF 0x6A 0xD5 0xB6 0xF6 0xB5 0x7F | STATE=NORMAL
?t=2531 ms  Bits=61  FRAME: 0xAA 0xBF 0xAE 0xDA 0xF6 0x7D 0xED | STATE=NORMAL
?t=2530 ms  Bits=66  FRAME: 0xAA 0xBF 0xFE 0xAA 0x6D 0xDF 0xD7 0xFE | STATE=NORMAL
BURST led=1 horn=0

?t=2844 ms  Bits=62  FRAME: 0xAA 0xBF 0x6A 0xD5 0xB6 0xFE 0xDA | STATE=NORMAL
?t=4781 ms  Bits=63  FRAME: 0xAA 0xBF 0x6A 0xD5 0xB6 0xFE 0xDA | STATE=NORMAL
?t=4780 ms  Bits=63  FRAME: 0xAA 0xBF 0x6A 0xD5 0xB6 0xFE 0xDA | STATE=NORMAL
?t=4781 ms  Bits=63  FRAME: 0xAA 0xBF 0x6A 0xD5 0xB6 0xFE 0xDA | STATE=NORMAL
?t=4781 ms  Bits=62  FRAME: 0xAA 0xBF 0x6A 0xD5 0xB6 0xFE 0xDA | STATE=NORMAL
?t=4775 ms  Bits=64  FRAME: 0xAA 0xBF 0x6A 0xD5 0xB6 0xF6 0xB5 0x7F | STATE=NORMAL
?t=4776 ms  Bits=64  FRAME: 0xAA 0xBF 0x6A 0xD5 0xB6 0xF6 0xB5 0x7F | STATE=NORMAL
?t=4776 ms  Bits=64  FRAME: 0xAA 0xBF 0x6A 0xD5 0xB6 0xF6 0xB5 0x7F | STATE=NORMAL
?t=5186 ms  Bits=64  FRAME: 0xAA 0xBF 0x6A 0xD5 0xB6 0xF6 0xB5 0x7F | STATE=NORMAL
BURST led=1 horn=0

?t=4774 ms  Bits=64  FRAME: 0xAA 0xBF 0x6A 0xD5 0xB6 0xF6 0xB5 0x7F | STATE=NORMAL
?t=4776 ms  Bits=64  FRAME: 0xAA 0xBF 0x6A 0xD5 0xB6 0xF6 0xB5 0x7F | STATE=NORMAL
?t=4776 ms  Bits=64  FRAME: 0xAA 0xBF 0x6A 0xD5 0xB6 0xF6 0xB5 0x7F | STATE=NORMAL
?t=4776 ms  Bits=64  FRAME: 0xAA 0xBF 0x6A 0xD5 0xB6 0xF6 0xB5 0x7F | STATE=NORMAL
?t=4775 ms  Bits=64  FRAME: 0xAA 0xBF 0x6A 0xD5 0xB6 0xF6 0xB5 0x7F | STATE=NORMAL
?t=4776 ms  Bits=64  FRAME: 0xAA 0xBF 0x6A 0xD5 0xB6 0xF6 0xB5 0x7F | STATE=NORMAL
?t=4776 ms  Bits=64  FRAME: 0xAA 0xBF 0x6A 0xD5 0xB6 0xF6 0xB5 0x7F | STATE=NORMAL
?t=4775 ms  Bits=64  FRAME: 0xAA 0xBF 0x6A 0xD5 0xB6 0xF6 0xB5 0x7F | STATE=NORMAL
BURST led=1 horn=0

?t=5185 ms  Bits=64  FRAME: 0xAA 0xBF 0x6A 0xD5 0xB6 0xF6 0xB5 0x7F | STATE=NORMAL
?t=4776 ms  Bits=64  FRAME: 0xAA 0xBF 0x6A 0xD5 0xB6 0xF6 0xB5 0x7F | STATE=NORMAL
?t=4775 ms  Bits=64  FRAME: 0xAA 0xBF 0x6A 0xD5 0xB6 0xF6 0xB5 0x7F | STATE=NORMAL
?t=4776 ms  Bits=63  FRAME: 0xAA 0xBF 0x6A 0xD5 0xB6 0xF6 0xB5 | STATE=NORMAL
?t=4776 ms  Bits=64  FRAME: 0xAA 0xBF 0x6A 0xD5 0xB6 0xF6 0xB5 0x7F | STATE=NORMAL
?t=4775 ms  Bits=64  FRAME: 0xAA 0xBF 0x6A 0xD5 0xB6 0xF6 0xB5 0x7F | STATE=NORMAL
?t=4776 ms  Bits=64  FRAME: 0xAA 0xBF 0x6A 0xD5 0xB6 0xF6 0xB5 0x7F | STATE=NORMAL
?t=4776 ms  Bits=63  FRAME: 0xAA 0xBF 0x6A 0xD5 0xB6 0xF6 0xB5 | STATE=NORMAL
?t=4776 ms  Bits=63  FRAME: 0xAA 0xBF 0x6A 0xD5 0xB6 0xF6 0xB5 | STATE=NORMAL
?t=2530 ms  Bits=65  FRAME: 0xAA 0xBF 0x7E 0xD5 0xB6 0xEF 0x6B 0xFF | STATE=NORMAL
?t=596 ms  Bits=65  FRAME: 0xAA 0xBF 0x7E 0xD5 0xB6 0xEF 0x6B 0xFF | STATE=NORMAL
BURST led=1 horn=0

?t=4780 ms  Bits=63  FRAME: 0xAA 0xBF 0x6A 0xD5 0xB6 0xFE 0xDA | STATE=NORMAL
?t=4781 ms  Bits=63  FRAME: 0xAA 0xBF 0x6A 0xD5 0xB6 0xFE 0xDA | STATE=NORMAL
?t=4781 ms  Bits=63  FRAME: 0xAA 0xBF 0x6A 0xD5 0xB6 0xFE 0xDA | STATE=NORMAL
?t=4780 ms  Bits=63  FRAME: 0xAA 0xBF 0x6A 0xD5 0xB6 0xFE 0xDA | STATE=NORMAL
?t=4778 ms  Bits=62  FRAME: 0xAA 0xBF 0x6A 0xD5 0xB6 0xFE 0xDA | STATE=NORMAL
?t=4776 ms  Bits=64  FRAME: 0xAA 0xBF 0x6A 0xD5 0xB6 0xF6 0xB5 0x7F | STATE=NORMAL
?t=4775 ms  Bits=64  FRAME: 0xAA 0xBF 0x6A 0xD5 0xB6 0xF6 0xB5 0x7F | STATE=NORMAL
?t=4776 ms  Bits=64  FRAME: 0xAA 0xBF 0x6A 0xD5 0xB6 0xF6 0xB5 0x7F | STATE=NORMAL
BURST led=1 horn=0

?t=5186 ms  Bits=64  FRAME: 0xAA 0xBF 0x6A 0xD5 0xB6 0xF6 0xB5 0x7F | STATE=NORMAL
?t=4776 ms  Bits=64  FRAME: 0xAA 0xBF 0x6A 0xD5 0xB6 0xF6 0xB5 0x7F | STATE=NORMAL
?t=4776 ms  Bits=63  FRAME: 0xAA 0xBF 0x6A 0xD5 0xB6 0xF6 0xB5 | STATE=NORMAL
?t=4774 ms  Bits=64  FRAME: 0xAA 0xBF 0x6A 0xD5 0xB6 0xF6 0xB5 0x7F | STATE=NORMAL
?t=4776 ms  Bits=64  FRAME: 0xAA 0xBF 0x6A 0xD5 0xB6 0xF6 0xB5 0x7F | STATE=NORMAL
?t=4775 ms  Bits=64  FRAME: 0xAA 0xBF 0x6A 0xD5 0xB6 0xF6 0xB5 0x7F | STATE=NORMAL
?t=4776 ms  Bits=64  FRAME: 0xAA 0xBF 0x6A 0xD5 0xB6 0xF6 0xB5 0x7F | STATE=NORMAL
?t=4776 ms  Bits=64  FRAME: 0xAA 0xBF 0x6A 0xD5 0xB6 0xF6 0xB5 0x7F | STATE=NORMAL
?t=5186 ms  Bits=64  FRAME: 0xAA 0xBF 0x6A 0xD5 0xB6 0xF6 0xB5 0x7F | STATE=NORMAL
BURST led=1 horn=0

?t=4775 ms  Bits=64  FRAME: 0xAA 0xBF 0x6A 0xD5 0xB6 0xF6 0xB5 0x7F | STATE=NORMAL
?t=4776 ms  Bits=64  FRAME: 0xAA 0xBF 0x6A 0xD5 0xB6 0xF6 0xB5 0x7F | STATE=NORMAL
?t=4775 ms  Bits=64  FRAME: 0xAA 0xBF 0x6A 0xD5 0xB6 0xF6 0xB5 0x7F | STATE=NORMAL
?t=4775 ms  Bits=64  FRAME: 0xAA 0xBF 0x6A 0xD5 0xB6 0xF6 0xB5 0x7F | STATE=NORMAL
?t=4776 ms  Bits=64  FRAME: 0xAA 0xBF 0x6A 0xD5 0xB6 0xF6 0xB5 0x7F | STATE=NORMAL
?t=4776 ms  Bits=64  FRAME: 0xAA 0xBF 0x6A 0xD5 0xB6 0xF6 0xB5 0x7F | STATE=NORMAL
?t=4776 ms  Bits=63  FRAME: 0xAA 0xBF 0x6A 0xD5 0xB6 0xF6 0xB5 | STATE=NORMAL
?t=4775 ms  Bits=63  FRAME: 0xAA 0xBF 0x6A 0xD5 0xB6 0xF6 0xB5 | STATE=NORMAL
?t=2532 ms  Bits=62  FRAME: 0xAA 0xBF 0xAE 0xDA 0xF6 0x7D 0xED | STATE=NORMAL
?t=2530 ms  Bits=66  FRAME: 0xAA 0xBF 0xFE 0xAA 0x6D 0xDF 0xD7 0xFE | STATE=NORMAL
BURST led=1 horn=0

?t=2843 ms  Bits=62  FRAME: 0xAA 0xBF 0x6A 0xD5 0xB6 0xFE 0xDA | STATE=NORMAL
?t=4781 ms  Bits=63  FRAME: 0xAA 0xBF 0x6A 0xD5 0xB6 0xFE 0xDA | STATE=NORMAL
?t=4780 ms  Bits=63  FRAME: 0xAA 0xBF 0x6A 0xD5 0xB6 0xFE 0xDA | STATE=NORMAL
?t=4782 ms  Bits=63  FRAME: 0xAA 0xBF 0x6A 0xD5 0xB6 0xFE 0xDA | STATE=NORMAL
?t=4781 ms  Bits=63  FRAME: 0xAA 0xBF 0x6A 0xD5 0xB6 0xFE 0xDA | STATE=NORMAL
?t=4774 ms  Bits=64  FRAME: 0xAA 0xBF 0x6A 0xD5 0xB6 0xF6 0xB5 0x7F | STATE=NORMAL
?t=4776 ms  Bits=64  FRAME: 0xAA 0xBF 0x6A 0xD5 0xB6 0xF6 0xB5 0x7F | STATE=NORMAL
?t=4776 ms  Bits=64  FRAME: 0xAA 0xBF 0x6A 0xD5 0xB6 0xF6 0xB5 0x7F | STATE=NORMAL
?t=5200 ms  Bits=64  FRAME: 0xAA 0xBF 0x6A 0xD5 0xB6 0xF6 0xB5 0x7F | STATE=NORMAL
BURST led=1 horn=0

?t=4776 ms  Bits=64  FRAME: 0xAA 0xBF 0x6A 0xD5 0xB6 0xF6 0xB5 0x7F | STATE=NORMAL
?t=4776 ms  Bits=64  FRAME: 0xAA 0xBF 0x6A 0xD5 0xB6 0xF6 0xB5 0x7F | STATE=NORMAL
?t=4775 ms  Bits=64  FRAME: 0xAA 0xBF 0x6A 0xD5 0xB6 0xF6 0xB5 0x7F | STATE=NORMAL
?t=4776 ms  Bits=64  FRAME: 0xAA 0xBF 0x6A 0xD5 0xB6 0xF6 0xB5 0x7F | STATE=NORMAL
?t=4776 ms  Bits=64  FRAME: 0xAA 0xBF 0x6A 0xD5 0xB6 0xF6 0xB5 0x7F | STATE=NORMAL
?t=4775 ms  Bits=64  FRAME: 0xAA 0xBF 0x6A 0xD5 0xB6 0xF6 0xB5 0x7F | STATE=NORMAL
?t=4776 ms  Bits=64  FRAME: 0xAA 0xBF 0x6A 0xD5 0xB6 0xF6 0xB5 0x7F | STATE=NORMAL
?t=4776 ms  Bits=64  FRAME: 0xAA 0xBF 0x6A 0xD5 0xB6 0xF6 0xB5 0x7F | STATE=NORMAL
BURST led=1 horn=0

?t=5184 ms  Bits=63  FRAME: 0xAA 0xBF 0x6A 0xD5 0xB6 0xF6 0xB5 | STATE=NORMAL
?t=4776 ms  Bits=64  FRAME: 0xAA 0xBF 0x6A 0xD5 0xB6 0xF6 0xB5 0x7F | STATE=NORMAL
?t=4776 ms  Bits=64  FRAME: 0xAA 0xBF 0x6A 0xD5 0xB6 0xF6 0xB5 0x7F | STATE=NORMAL
?t=4776 ms  Bits=64  FRAME: 0xAA 0xBF 0x6A 0xD5 0xB6 0xF6 0xB5 0x7F | STATE=NORMAL
?t=4775 ms  Bits=64  FRAME: 0xAA 0xBF 0x6A 0xD5 0xB6 0xF6 0xB5 0x7F | STATE=NORMAL
?t=4776 ms  Bits=63  FRAME: 0xAA 0xBF 0x6A 0xD5 0xB6 0xF6 0xB5 | STATE=NORMAL
?t=4776 ms  Bits=63  FRAME: 0xAA 0xBF 0x6A 0xD5 0xB6 0xF6 0xB5 | STATE=NORMAL
?t=4776 ms  Bits=64  FRAME: 0xAA 0xBF 0x6A 0xD5 0xB6 0xF6 0xB5 0x7F | STATE=NORMAL
?t=4776 ms  Bits=63  FRAME: 0xAA 0xBF 0x6A 0xD5 0xB6 0xF6 0xB5 | STATE=NORMAL
?t=2529 ms  Bits=65  FRAME: 0xAA 0xBF 0x7E 0xD5 0xB6 0xEF 0x6B 0xFF | STATE=NORMAL
?t=597 ms  Bits=65  FRAME: 0xAA 0xBF 0x7E 0xD5 0xB6 0xEF 0x6B 0xFF | STATE=NORMAL
BURST led=1 horn=0

?t=4780 ms  Bits=63  FRAME: 0xAA 0xBF 0x6A 0xD5 0xB6 0xFE 0xDA | STATE=NORMAL
?t=4781 ms  Bits=63  FRAME: 0xAA 0xBF 0x6A 0xD5 0xB6 0xFE 0xDA | STATE=NORMAL
?t=4780 ms  Bits=63  FRAME: 0xAA 0xBF 0x6A 0xD5 0xB6 0xFE 0xDA | STATE=NORMAL
?t=4781 ms  Bits=63  FRAME: 0xAA 0xBF 0x6A 0xD5 0xB6 0xFE 0xDA | STATE=NORMAL
?t=4778 ms  Bits=62  FRAME: 0xAA 0xBF 0x6A 0xD5 0xB6 0xFE 0xDA | STATE=NORMAL
?t=4776 ms  Bits=64  FRAME: 0xAA 0xBF 0x6A 0xD5 0xB6 0xF6 0xB5 0x7F | STATE=NORMAL
?t=4776 ms  Bits=64  FRAME: 0xAA 0xBF 0x6A 0xD5 0xB6 0xF6 0xB5 0x7F | STATE=NORMAL
?t=4776 ms  Bits=64  FRAME: 0xAA 0xBF 0x6A 0xD5 0xB6 0xF6 0xB5 0x7F | STATE=NORMAL
BURST led=1 horn=0

?t=5185 ms  Bits=64  FRAME: 0xAA 0xBF 0x6A 0xD5 0xB6 0xF6 0xB5 0x7F | STATE=NORMAL
?t=4776 ms  Bits=64  FRAME: 0xAA 0xBF 0x6A 0xD5 0xB6 0xF6 0xB5 0x7F | STATE=NORMAL
?t=4776 ms  Bits=64  FRAME: 0xAA 0xBF 0x6A 0xD5 0xB6 0xF6 0xB5 0x7F | STATE=NORMAL
?t=4775 ms  Bits=64  FRAME: 0xAA 0xBF 0x6A 0xD5 0xB6 0xF6 0xB5 0x7F | STATE=NORMAL
?t=4776 ms  Bits=64  FRAME: 0xAA 0xBF 0x6A 0xD5 0xB6 0xF6 0xB5 0x7F | STATE=NORMAL
?t=4776 ms  Bits=64  FRAME: 0xAA 0xBF 0x6A 0xD5 0xB6 0xF6 0xB5 0x7F | STATE=NORMAL
?t=4776 ms  Bits=64  FRAME: 0xAA 0xBF 0x6A 0xD5 0xB6 0xF6 0xB5 0x7F | STATE=NORMAL
?t=4776 ms  Bits=64  FRAME: 0xAA 0xBF 0x6A 0xD5 0xB6 0xF6 0xB5 0x7F | STATE=NORMAL
?t=5185 ms  Bits=64  FRAME: 0xAA 0xBF 0x6A 0xD5 0xB6 0xF6 0xB5 0x7F | STATE=NORMAL
BURST led=1 horn=0

?t=4776 ms  Bits=64  FRAME: 0xAA 0xBF 0x6A 0xD5 0xB6 0xF6 0xB5 0x7F | STATE=NORMAL
?t=4776 ms  Bits=64  FRAME: 0xAA 0xBF 0x6A 0xD5 0xB6 0xF6 0xB5 0x7F | STATE=NORMAL
?t=4776 ms  Bits=63  FRAME: 0xAA 0xBF 0x6A 0xD5 0xB6 0xF6 0xB5 | STATE=NORMAL
?t=4776 ms  Bits=64  FRAME: 0xAA 0xBF 0x6A 0xD5 0xB6 0xF6 0xB5 0x7F | STATE=NORMAL
?t=4775 ms  Bits=64  FRAME: 0xAA 0xBF 0x6A 0xD5 0xB6 0xF6 0xB5 0x7F | STATE=NORMAL
?t=4776 ms  Bits=63  FRAME: 0xAA 0xBF 0x6A 0xD5 0xB6 0xF6 0xB5 | STATE=NORMAL
?t=4776 ms  Bits=64  FRAME: 0xAA 0xBF 0x6A 0xD5 0xB6 0xF6 0xB5 0x7F | STATE=NORMAL
?t=4776 ms  Bits=64  FRAME: 0xAA 0xBF 0x6A 0xD5 0xB6 0xF6 0xB5 0x7F | STATE=NORMAL
?t=2531 ms  Bits=62  FRAME: 0xAA 0xBF 0xAE 0xDA 0xF6 0x7D 0xED | STATE=NORMAL
?t=2531 ms  Bits=66  FRAME: 0xAA 0xBF 0xFE 0xAA 0x6D 0xDF 0xD7 0xFE | STATE=NORMAL
BURST led=1 horn=0

?t=2843 ms  Bits=63  FRAME: 0xAA 0xBF 0x6A 0xD5 0xB6 0xFE 0xDA | STATE=NORMAL
?t=4780 ms  Bits=63  FRAME: 0xAA 0xBF 0x6A 0xD5 0xB6 0xFE 0xDA | STATE=NORMAL
?t=4781 ms  Bits=63  FRAME: 0xAA 0xBF 0x6A 0xD5 0xB6 0xFE 0xDA | STATE=NORMAL
?t=4781 ms  Bits=63  FRAME: 0xAA 0xBF 0x6A 0xD5 0xB6 0xFE 0xDA | STATE=NORMAL
?t=4780 ms  Bits=63  FRAME: 0xAA 0xBF 0x6A 0xD5 0xB6 0xFE 0xDA | STATE=NORMAL
?t=4776 ms  Bits=64  FRAME: 0xAA 0xBF 0x6A 0xD5 0xB6 0xF6 0xB5 0x7F | STATE=NORMAL
?t=4776 ms  Bits=64  FRAME: 0xAA 0xBF 0x6A 0xD5 0xB6 0xF6 0xB5 0x7F | STATE=NORMAL
?t=4776 ms  Bits=63  FRAME: 0xAA 0xBF 0x6A 0xD5 0xB6 0xF6 0xB5 | STATE=NORMAL
?t=5186 ms  Bits=64  FRAME: 0xAA 0xBF 0x6A 0xD5 0xB6 0xF6 0xB5 0x7F | STATE=NORMAL
BURST led=1 horn=0

?t=4776 ms  Bits=63  FRAME: 0xAA 0xBF 0x6A 0xD5 0xB6 0xF6 0xB5 | STATE=NORMAL
?t=4775 ms  Bits=64  FRAME: 0xAA 0xBF 0x6A 0xD5 0xB6 0xF6 0xB5 0x7F | STATE=NORMAL
?t=4776 ms  Bits=64  FRAME: 0xAA 0xBF 0x6A 0xD5 0xB6 0xF6 0xB5 0x7F | STATE=NORMAL
?t=4775 ms  Bits=64  FRAME: 0xAA 0xBF 0x6A 0xD5 0xB6 0xF6 0xB5 0x7F | STATE=NORMAL
?t=4776 ms  Bits=64  FRAME: 0xAA 0xBF 0x6A 0xD5 0xB6 0xF6 0xB5 0x7F | STATE=NORMAL
?t=4776 ms  Bits=64  FRAME: 0xAA 0xBF 0x6A 0xD5 0xB6 0xF6 0xB5 0x7F | STATE=NORMAL
?t=4776 ms  Bits=63  FRAME: 0xAA 0xBF 0x6A 0xD5 0xB6 0xF6 0xB5 | STATE=NORMAL
?t=4776 ms  Bits=64  FRAME: 0xAA 0xBF 0x6A 0xD5 0xB6 0xF6 0xB5 0x7F | STATE=NORMAL
BURST led=1 horn=0

?t=5186 ms  Bits=63  FRAME: 0xAA 0xBF 0x6A 0xD5 0xB6 0xF6 0xB5 | STATE=NORMAL
?t=4776 ms  Bits=64  FRAME: 0xAA 0xBF 0x6A 0xD5 0xB6 0xF6 0xB5 0x7F | STATE=NORMAL
?t=4776 ms  Bits=64  FRAME: 0xAA 0xBF 0x6A 0xD5 0xB6 0xF6 0xB5 0x7F | STATE=NORMAL
?t=4776 ms  Bits=63  FRAME: 0xAA 0xBF 0x6A 0xD5 0xB6 0xF6 0xB5 | STATE=NORMAL
?t=4776 ms  Bits=64  FRAME: 0xAA 0xBF 0x6A 0xD5 0xB6 0xF6 0xB5 0x7F | STATE=NORMAL
?t=4775 ms  Bits=64  FRAME: 0xAA 0xBF 0x6A 0xD5 0xB6 0xF6 0xB5 0x7F | STATE=NORMAL
?t=4776 ms  Bits=64  FRAME: 0xAA 0xBF 0x6A 0xD5 0xB6 0xF6 0xB5 0x7F | STATE=NORMAL
?t=4776 ms  Bits=64  FRAME: 0xAA 0xBF 0x6A 0xD5 0xB6 0xF6 0xB5 0x7F | STATE=NORMAL
?t=4776 ms  Bits=64  FRAME: 0xAA 0xBF 0x6A 0xD5 0xB6 0xF6 0xB5 0x7F | STATE=NORMAL
?t=2531 ms  Bits=63  FRAME: 0xAA 0xBF 0xAE 0x6A 0xDB 0xF7 0xB5 | STATE=NORMAL
?t=596 ms  Bits=65  FRAME: 0xAA 0xBF 0x7E 0xD5 0xB6 0xEF 0x6B 0xFF | STATE=NORMAL
BURST led=1 horn=0

?t=4781 ms  Bits=63  FRAME: 0xAA 0xBF 0x6A 0xD5 0xB6 0xFE 0xDA | STATE=NORMAL
?t=4781 ms  Bits=62  FRAME: 0xAA 0xBF 0x6A 0xD5 0xB6 0xFE 0xDA | STATE=NORMAL
?t=4781 ms  Bits=63  FRAME: 0xAA 0xBF 0x6A 0xD5 0xB6 0xFE 0xDA | STATE=NORMAL
?t=4780 ms  Bits=63  FRAME: 0xAA 0xBF 0x6A 0xD5 0xB6 0xFE 0xDA | STATE=NORMAL
?t=4779 ms  Bits=63  FRAME: 0xAA 0xBF 0x6A 0xD5 0xB6 0xFE 0xDA | STATE=NORMAL
?t=4776 ms  Bits=64  FRAME: 0xAA 0xBF 0x6A 0xD5 0xB6 0xF6 0xB5 0x7F | STATE=NORMAL
?t=4776 ms  Bits=64  FRAME: 0xAA 0xBF 0x6A 0xD5 0xB6 0xF6 0xB5 0x7F | STATE=NORMAL
?t=4776 ms  Bits=64  FRAME: 0xAA 0xBF 0x6A 0xD5 0xB6 0xF6 0xB5 0x7F | STATE=NORMAL
BURST led=1 horn=0

?t=5185 ms  Bits=64  FRAME: 0xAA 0xBF 0x6A 0xD5 0xB6 0xF6 0xB5 0x7F | STATE=NORMAL
?t=4776 ms  Bits=64  FRAME: 0xAA 0xBF 0x6A 0xD5 0xB6 0xF6 0xB5 0x7F | STATE=NORMAL
?t=4776 ms  Bits=64  FRAME: 0xAA 0xBF 0x6A 0xD5 0xB6 0xF6 0xB5 0x7F | STATE=NORMAL
?t=4776 ms  Bits=64  FRAME: 0xAA 0xBF 0x6A 0xD5 0xB6 0xF6 0xB5 0x7F | STATE=NORMAL
?t=4776 ms  Bits=64  FRAME: 0xAA 0xBF 0x6A 0xD5 0xB6 0xF6 0xB5 0x7F | STATE=NORMAL
?t=4776 ms  Bits=64  FRAME: 0xAA 0xBF 0x6A 0xD5 0xB6 0xF6 0xB5 0x7F | STATE=NORMAL
?t=4776 ms  Bits=64  FRAME: 0xAA 0xBF 0x6A 0xD5 0xB6 0xF6 0xB5 0x7F | STATE=NORMAL
?t=4776 ms  Bits=64  FRAME: 0xAA 0xBF 0x6A 0xD5 0xB6 0xF6 0xB5 0x7F | STATE=NORMAL
?t=5201 ms  Bits=64  FRAME: 0xAA 0xBF 0x6A 0xD5 0xB6 0xF6 0xB5 0x7F | STATE=NORMAL
BURST led=1 horn=0

?t=4776 ms  Bits=65  FRAME: 0xAA 0xBF 0x6A 0xD5 0x6E 0xED 0x6B 0xFF | STATE=NORMAL
?t=4776 ms  Bits=65  FRAME: 0xAA 0xBF 0x6A 0xD5 0x6E 0xED 0x6B 0xFF | STATE=NORMAL
?t=4776 ms  Bits=64  FRAME: 0xAA 0xBF 0x6A 0xD5 0x6E 0xED 0x6B 0xFF | STATE=NORMAL
?t=4776 ms  Bits=65  FRAME: 0xAA 0xBF 0x6A 0xD5 0x6E 0xED 0x6B 0xFF | STATE=NORMAL
?t=4776 ms  Bits=65  FRAME: 0xAA 0xBF 0x6A 0xD5 0x6E 0xED 0x6B 0xFF | STATE=NORMAL
?t=4776 ms  Bits=65  FRAME: 0xAA 0xBF 0x6A 0xD5 0x6E 0xED 0x6B 0xFF | STATE=NORMAL
?t=4776 ms  Bits=64  FRAME: 0xAA 0xBF 0x6A 0xD5 0x6E 0xED 0x6B 0xFF | STATE=NORMAL
?t=4776 ms  Bits=65  FRAME: 0xAA 0xBF 0x6A 0xD5 0x6E 0xED 0x6B 0xFF | STATE=NORMAL
?t=2531 ms  Bits=64  FRAME: 0xAA 0xBF 0x56 0xB5 0xDB 0xF7 0xB5 0x7F | STATE=NORMAL
?t=2531 ms  Bits=67  FRAME: 0xAA 0xBF 0xFE 0xAA 0xDD 0xBE 0xAF 0xFD | STATE=NORMAL
BURST led=1 horn=0

?t=2843 ms  Bits=64  FRAME: 0xAA 0xBF 0x6A 0xD5 0x6E 0xFD 0xB5 0x7F | STATE=NORMAL
?t=4781 ms  Bits=64  FRAME: 0xAA 0xBF 0x6A 0xD5 0x6E 0xFD 0xB5 0x7F | STATE=NORMAL
?t=4781 ms  Bits=64  FRAME: 0xAA 0xBF 0x6A 0xD5 0x6E 0xFD 0xB5 0x7F | STATE=NORMAL
?t=4781 ms  Bits=63  FRAME: 0xAA 0xBF 0x6A 0xD5 0x6E 0xFD 0xB5 | STATE=NORMAL
?t=4782 ms  Bits=64  FRAME: 0xAA 0xBF 0x6A 0xD5 0x6E 0xFD 0xB5 0x7F | STATE=NORMAL
?t=4775 ms  Bits=65  FRAME: 0xAA 0xBF 0x6A 0xD5 0x6E 0xED 0x6B 0xFF | STATE=NORMAL
?t=4776 ms  Bits=65  FRAME: 0xAA 0xBF 0x6A 0xD5 0x6E 0xED 0x6B 0xFF | STATE=NORMAL
?t=4776 ms  Bits=65  FRAME: 0xAA 0xBF 0x6A 0xD5 0x6E 0xED 0x6B 0xFF | STATE=NORMAL
?t=5186 ms  Bits=65  FRAME: 0xAA 0xBF 0x6A 0xD5 0x6E 0xED 0x6B 0xFF | STATE=NORMAL
BURST led=1 horn=0

?t=4776 ms  Bits=65  FRAME: 0xAA 0xBF 0x6A 0xD5 0x6E 0xED 0x6B 0xFF | STATE=NORMAL
?t=4777 ms  Bits=64  FRAME: 0xAA 0xBF 0x6A 0xD5 0x6E 0xED 0x6B 0xFF | STATE=NORMAL
?t=4776 ms  Bits=65  FRAME: 0xAA 0xBF 0x6A 0xD5 0x6E 0xED 0x6B 0xFF | STATE=NORMAL
?t=4776 ms  Bits=65  FRAME: 0xAA 0xBF 0x6A 0xD5 0x6E 0xED 0x6B 0xFF | STATE=NORMAL
?t=4776 ms  Bits=65  FRAME: 0xAA 0xBF 0x6A 0xD5 0x6E 0xED 0x6B 0xFF | STATE=NORMAL
?t=4776 ms  Bits=65  FRAME: 0xAA 0xBF 0x6A 0xD5 0x6E 0xED 0x6B 0xFF | STATE=NORMAL
?t=4775 ms  Bits=65  FRAME: 0xAA 0xBF 0x6A 0xD5 0x6E 0xED 0x6B 0xFF | STATE=NORMAL
?t=4776 ms  Bits=65  FRAME: 0xAA 0xBF 0x6A 0xD5 0x6E 0xED 0x6B 0xFF | STATE=NORMAL
BURST led=1 horn=0

?t=5187 ms  Bits=65  FRAME: 0xAA 0xBF 0x6A 0xD5 0x6E 0xED 0x6B 0xFF | STATE=NORMAL
?t=4776 ms  Bits=65  FRAME: 0xAA 0xBF 0x6A 0xD5 0x6E 0xED 0x6B 0xFF | STATE=NORMAL
?t=4776 ms  Bits=65  FRAME: 0xAA 0xBF 0x6A 0xD5 0x6E 0xED 0x6B 0xFF | STATE=NORMAL
?t=4776 ms  Bits=65  FRAME: 0xAA 0xBF 0x6A 0xD5 0x6E 0xED 0x6B 0xFF | STATE=NORMAL
?t=4776 ms  Bits=65  FRAME: 0xAA 0xBF 0x6A 0xD5 0x6E 0xED 0x6B 0xFF | STATE=NORMAL
?t=4776 ms  Bits=65  FRAME: 0xAA 0xBF 0x6A 0xD5 0x6E 0xED 0x6B 0xFF | STATE=NORMAL
?t=4776 ms  Bits=65  FRAME: 0xAA 0xBF 0x6A 0xD5 0x6E 0xED 0x6B 0xFF | STATE=NORMAL
?t=4776 ms  Bits=65  FRAME: 0xAA 0xBF 0x6A 0xD5 0x6E 0xED 0x6B 0xFF | STATE=NORMAL
?t=4775 ms  Bits=64  FRAME: 0xAA 0xBF 0x6A 0xD5 0x6E 0xED 0x6B 0xFF | STATE=NORMAL
?t=2531 ms  Bits=65  FRAME: 0xAA 0xBF 0xAE 0x6A 0xB7 0xEF 0x6B 0xFF | STATE=NORMAL
?t=596 ms  Bits=66  FRAME: 0xAA 0xBF 0x7E 0xD5 0x6E 0xDF 0xD7 0xFE | STATE=NORMAL
BURST led=1 horn=0

?t=4781 ms  Bits=64  FRAME: 0xAA 0xBF 0x6A 0xD5 0x6E 0xFD 0xB5 0x7F | STATE=NORMAL
?t=4781 ms  Bits=63  FRAME: 0xAA 0xBF 0x6A 0xD5 0x6E 0xFD 0xB5 | STATE=NORMAL
?t=4781 ms  Bits=64  FRAME: 0xAA 0xBF 0x6A 0xD5 0x6E 0xFD 0xB5 0x7F | STATE=NORMAL
?t=4781 ms  Bits=64  FRAME: 0xAA 0xBF 0x6A 0xD5 0x6E 0xFD 0xB5 0x7F | STATE=NORMAL
?t=4778 ms  Bits=64  FRAME: 0xAA 0xBF 0x6A 0xD5 0x6E 0xFD 0xB5 0x7F | STATE=NORMAL
?t=4776 ms  Bits=65  FRAME: 0xAA 0xBF 0x6A 0xD5 0x6E 0xED 0x6B 0xFF | STATE=NORMAL
?t=4777 ms  Bits=65  FRAME: 0xAA 0xBF 0x6A 0xD5 0x6E 0xED 0x6B 0xFF | STATE=NORMAL
?t=4775 ms  Bits=65  FRAME: 0xAA 0xBF 0x6A 0xD5 0x6E 0xED 0x6B 0xFF | STATE=NORMAL
BURST led=1 horn=0

?t=5186 ms  Bits=65  FRAME: 0xAA 0xBF 0x6A 0xD5 0x6E 0xED 0x6B 0xFF | STATE=NORMAL
?t=4776 ms  Bits=65  FRAME: 0xAA 0xBF 0x6A 0xD5 0x6E 0xED 0x6B 0xFF | STATE=NORMAL
?t=4776 ms  Bits=64  FRAME: 0xAA 0xBF 0x6A 0xD5 0x6E 0xED 0x6B 0xFF | STATE=NORMAL
?t=4775 ms  Bits=65  FRAME: 0xAA 0xBF 0x6A 0xD5 0x6E 0xED 0x6B 0xFF | STATE=NORMAL
?t=4777 ms  Bits=65  FRAME: 0xAA 0xBF 0x6A 0xD5 0x6E 0xED 0x6B 0xFF | STATE=NORMAL
?t=4775 ms  Bits=65  FRAME: 0xAA 0xBF 0x6A 0xD5 0x6E 0xED 0x6B 0xFF | STATE=NORMAL
?t=4776 ms  Bits=65  FRAME: 0xAA 0xBF 0x6A 0xD5 0x6E 0xED 0x6B 0xFF | STATE=NORMAL
?t=4776 ms  Bits=65  FRAME: 0xAA 0xBF 0x6A 0xD5 0x6E 0xED 0x6B 0xFF | STATE=NORMAL
?t=5186 ms  Bits=65  FRAME: 0xAA 0xBF 0x6A 0xD5 0x6E 0xED 0x6B 0xFF | STATE=NORMAL
BURST led=1 horn=0

?t=4775 ms  Bits=65  FRAME: 0xAA 0xBF 0x6A 0xD5 0x6E 0xED 0x6B 0xFF | STATE=NORMAL
?t=4776 ms  Bits=65  FRAME: 0xAA 0xBF 0x6A 0xD5 0x6E 0xED 0x6B 0xFF | STATE=NORMAL
?t=4776 ms  Bits=64  FRAME: 0xAA 0xBF 0x6A 0xD5 0x6E 0xED 0x6B 0xFF | STATE=NORMAL
?t=4776 ms  Bits=65  FRAME: 0xAA 0xBF 0x6A 0xD5 0x6E 0xED 0x6B 0xFF | STATE=NORMAL
?t=4776 ms  Bits=65  FRAME: 0xAA 0xBF 0x6A 0xD5 0x6E 0xED 0x6B 0xFF | STATE=NORMAL
?t=4776 ms  Bits=65  FRAME: 0xAA 0xBF 0x6A 0xD5 0x6E 0xED 0x6B 0xFF | STATE=NORMAL
?t=4776 ms  Bits=65  FRAME: 0xAA 0xBF 0x6A 0xD5 0x6E 0xED 0x6B 0xFF | STATE=NORMAL
?t=4776 ms  Bits=65  FRAME: 0xAA 0xBF 0x6A 0xD5 0x6E 0xED 0x6B 0xFF | STATE=NORMAL
?t=2531 ms  Bits=63  FRAME: 0xAA 0xBF 0xAE 0xDA 0xED 0xFB 0xDA | STATE=NORMAL
?t=2530 ms  Bits=66  FRAME: 0xAA 0xBF 0xFE 0xAA 0xDD 0xBE 0xAF 0xFD | STATE=NORMAL
BURST led=1 horn=0

?t=2844 ms  Bits=63  FRAME: 0xAA 0xBF 0x6A 0xD5 0x6E 0xFD 0xB5 | STATE=NORMAL
?t=4780 ms  Bits=64  FRAME: 0xAA 0xBF 0x6A 0xD5 0x6E 0xFD 0xB5 0x7F | STATE=NORMAL
?t=4781 ms  Bits=64  FRAME: 0xAA 0xBF 0x6A 0xD5 0x6E 0xFD 0xB5 0x7F | STATE=NORMAL
?t=4781 ms  Bits=64  FRAME: 0xAA 0xBF 0x6A 0xD5 0x6E 0xFD 0xB5 0x7F | STATE=NORMAL
?t=4781 ms  Bits=64  FRAME: 0xAA 0xBF 0x6A 0xD5 0x6E 0xFD 0xB5 0x7F | STATE=NORMAL
?t=4776 ms  Bits=65  FRAME: 0xAA 0xBF 0x6A 0xD5 0x6E 0xED 0x6B 0xFF | STATE=NORMAL
?t=4776 ms  Bits=65  FRAME: 0xAA 0xBF 0x6A 0xD5 0x6E 0xED 0x6B 0xFF | STATE=NORMAL
?t=4776 ms  Bits=65  FRAME: 0xAA 0xBF 0x6A 0xD5 0x6E 0xED 0x6B 0xFF | STATE=NORMAL
?t=5186 ms  Bits=65  FRAME: 0xAA 0xBF 0x6A 0xD5 0x6E 0xED 0x6B 0xFF | STATE=NORMAL
BURST led=1 horn=0

?t=4776 ms  Bits=65  FRAME: 0xAA 0xBF 0x6A 0xD5 0x6E 0xED 0x6B 0xFF | STATE=NORMAL
?t=4775 ms  Bits=64  FRAME: 0xAA 0xBF 0x6A 0xD5 0x6E 0xED 0x6B 0xFF | STATE=NORMAL
?t=4775 ms  Bits=65  FRAME: 0xAA 0xBF 0x6A 0xD5 0x6E 0xED 0x6B 0xFF | STATE=NORMAL
?t=4776 ms  Bits=64  FRAME: 0xAA 0xBF 0x6A 0xD5 0x6E 0xED 0x6B 0xFF | STATE=NORMAL
?t=4776 ms  Bits=65  FRAME: 0xAA 0xBF 0x6A 0xD5 0x6E 0xED 0x6B 0xFF | STATE=NORMAL
?t=4776 ms  Bits=65  FRAME: 0xAA 0xBF 0x6A 0xD5 0x6E 0xED 0x6B 0xFF | STATE=NORMAL
?t=4776 ms  Bits=65  FRAME: 0xAA 0xBF 0x6A 0xD5 0x6E 0xED 0x6B 0xFF | STATE=NORMAL
?t=4775 ms  Bits=65  FRAME: 0xAA 0xBF 0x6A 0xD5 0x6E 0xED 0x6B 0xFF | STATE=NORMAL
BURST led=1 horn=0

?t=5186 ms  Bits=65  FRAME: 0xAA 0xBF 0x6A 0xD5 0x6E 0xED 0x6B 0xFF | STATE=NORMAL
?t=4776 ms  Bits=65  FRAME: 0xAA 0xBF 0x6A 0xD5 0x6E 0xED 0x6B 0xFF | STATE=NORMAL
?t=4776 ms  Bits=64  FRAME: 0xAA 0xBF 0x6A 0xD5 0x6E 0xED 0x6B 0xFF | STATE=NORMAL
?t=4775 ms  Bits=65  FRAME: 0xAA 0xBF 0x6A 0xD5 0x6E 0xED 0x6B 0xFF | STATE=NORMAL
?t=4776 ms  Bits=65  FRAME: 0xAA 0xBF 0x6A 0xD5 0x6E 0xED 0x6B 0xFF | STATE=NORMAL
?t=4775 ms  Bits=65  FRAME: 0xAA 0xBF 0x6A 0xD5 0x6E 0xED 0x6B 0xFF | STATE=NORMAL
?t=4776 ms  Bits=65  FRAME: 0xAA 0xBF 0x6A 0xD5 0x6E 0xED 0x6B 0xFF | STATE=NORMAL
?t=4776 ms  Bits=65  FRAME: 0xAA 0xBF 0x6A 0xD5 0x6E 0xED 0x6B 0xFF | STATE=NORMAL
?t=4776 ms  Bits=65  FRAME: 0xAA 0xBF 0x6A 0xD5 0x6E 0xED 0x6B 0xFF | STATE=NORMAL
?t=2530 ms  Bits=64  FRAME: 0xAA 0xBF 0xAE 0x6A 0xB7 0xEF 0x6B 0xFF | STATE=NORMAL
?t=622 ms  Bits=65  FRAME: 0xAA 0xBF 0xBE 0x6A 0xB7 0xEF 0x6B 0xFF | STATE=NORMAL
BURST led=1 horn=1

?t=4781 ms  Bits=64  FRAME: 0xAA 0xBF 0x6A 0xD5 0xEE 0xFD 0xB5 0x7F | STATE=LOW_BATT
?t=4781 ms  Bits=64  FRAME: 0xAA 0xBF 0x6A 0xD5 0xEE 0xFD 0xB5 0x7F | STATE=LOW_BATT
?t=4780 ms  Bits=64  FRAME: 0xAA 0xBF 0x6A 0xD5 0xEE 0xFD 0xB5 0x7F | STATE=LOW_BATT
?t=4781 ms  Bits=64  FRAME: 0xAA 0xBF 0x6A 0xD5 0xEE 0xFD 0xB5 0x7F | STATE=LOW_BATT
?t=4778 ms  Bits=64  FRAME: 0xAA 0xBF 0x6A 0xD5 0xEE 0xFD 0xB5 0x7F | STATE=LOW_BATT
?t=4776 ms  Bits=65  FRAME: 0xAA 0xBF 0x6A 0xD5 0xEE 0xED 0x6B 0xFF | STATE=LOW_BATT
?t=4776 ms  Bits=65  FRAME: 0xAA 0xBF 0x6A 0xD5 0xEE 0xED 0x6B 0xFF | STATE=LOW_BATT
?t=4776 ms  Bits=65  FRAME: 0xAA 0xBF 0x6A 0xD5 0xEE 0xED 0x6B 0xFF | STATE=LOW_BATT
BURST led=1 horn=1

?t=5197 ms  Bits=64  FRAME: 0xAA 0xBF 0x6A 0xD5 0xEE 0xED 0x6B 0xFF | STATE=LOW_BATT
?t=4775 ms  Bits=65  FRAME: 0xAA 0xBF 0x6A 0xD5 0xEE 0xED 0x6B 0xFF | STATE=LOW_BATT
?t=4776 ms  Bits=65  FRAME: 0xAA 0xBF 0x6A 0xD5 0xEE 0xED 0x6B 0xFF | STATE=LOW_BATT
?t=4776 ms  Bits=65  FRAME: 0xAA 0xBF 0x6A 0xD5 0xEE 0xED 0x6B 0xFF | STATE=LOW_BATT
?t=4774 ms  Bits=65  FRAME: 0xAA 0xBF 0x6A 0xD5 0xEE 0xED 0x6B 0xFF | STATE=LOW_BATT
?t=4776 ms  Bits=64  FRAME: 0xAA 0xBF 0x6A 0xD5 0xEE 0xED 0x6B 0xFF | STATE=LOW_BATT
?t=4776 ms  Bits=65  FRAME: 0xAA 0xBF 0x6A 0xD5 0xEE 0xED 0x6B 0xFF | STATE=LOW_BATT
?t=4775 ms  Bits=65  FRAME: 0xAA 0xBF 0x6A 0xD5 0xEE 0xED 0x6B 0xFF | STATE=LOW_BATT
?t=5197 ms  Bits=64  FRAME: 0xAA 0xBF 0x6A 0xD5 0xEE 0xED 0x6B 0xFF | STATE=LOW_BATT
BURST led=1 horn=1

?t=4776 ms  Bits=64  FRAME: 0xAA 0xBF 0x6A 0xD5 0xEE 0xED 0x6B 0xFF | STATE=LOW_BATT
?t=4775 ms  Bits=65  FRAME: 0xAA 0xBF 0x6A 0xD5 0xEE 0xED 0x6B 0xFF | STATE=LOW_BATT
?t=4776 ms  Bits=65  FRAME: 0xAA 0xBF 0x6A 0xD5 0xEE 0xED 0x6B 0xFF | STATE=LOW_BATT
?t=4775 ms  Bits=65  FRAME: 0xAA 0xBF 0x6A 0xD5 0xEE 0xED 0x6B 0xFF | STATE=LOW_BATT
?t=4776 ms  Bits=64  FRAME: 0xAA 0xBF 0x6A 0xD5 0xEE 0xED 0x6B 0xFF | STATE=LOW_BATT
?t=4776 ms  Bits=65  FRAME: 0xAA 0xBF 0x6A 0xD5 0xEE 0xED 0x6B 0xFF | STATE=LOW_BATT
?t=4775 ms  Bits=65  FRAME: 0xAA 0xBF 0x6A 0xD5 0xEE 0xED 0x6B 0xFF | STATE=LOW_BATT
?t=4775 ms  Bits=65  FRAME: 0xAA 0xBF 0x6A 0xD5 0xEE 0xED 0x6B 0xFF | STATE=LOW_BATT
?t=2531 ms  Bits=63  FRAME: 0xAA 0xBF 0xAE 0xDA 0xFD 0xFB 0xDA | STATE=LOW_BATT
?t=2530 ms  Bits=66  FRAME: 0xAA 0xBF 0xFE 0xAA 0xDD 0xBF 0xAF 0xFD | STATE=LOW_BATT
BURST led=1 horn=1

?t=2854 ms  Bits=64  FRAME: 0xAA 0xBF 0x6A 0xD5 0xEE 0xFD 0xB5 0x7F | STATE=LOW_BATT
?t=4781 ms  Bits=63  FRAME: 0xAA 0xBF 0x6A 0xD5 0xEE 0xFD 0xB5 | STATE=LOW_BATT
?t=4780 ms  Bits=64  FRAME: 0xAA 0xBF 0x6A 0xD5 0xEE 0xFD 0xB5 0x7F | STATE=LOW_BATT
?t=4780 ms  Bits=64  FRAME: 0xAA 0xBF 0x6A 0xD5 0xEE 0xFD 0xB5 0x7F | STATE=LOW_BATT
?t=4781 ms  Bits=64  FRAME: 0xAA 0xBF 0x6A 0xD5 0xEE 0xFD 0xB5 0x7F | STATE=LOW_BATT
?t=4775 ms  Bits=64  FRAME: 0xAA 0xBF 0x6A 0xD5 0xEE 0xED 0x6B 0xFF | STATE=LOW_BATT
?t=4776 ms  Bits=65  FRAME: 0xAA 0xBF 0x6A 0xD5 0xEE 0xED 0x6B 0xFF | STATE=LOW_BATT
?t=4776 ms  Bits=65  FRAME: 0xAA 0xBF 0x6A 0xD5 0xEE 0xED 0x6B 0xFF | STATE=LOW_BATT
?t=5196 ms  Bits=64  FRAME: 0xAA 0xBF 0x6A 0xD5 0xEE 0xED 0x6B 0xFF | STATE=LOW_BATT
BURST led=1 horn=1

?t=4776 ms  Bits=64  FRAME: 0xAA 0xBF 0x6A 0xD5 0xEE 0xED 0x6B 0xFF | STATE=LOW_BATT
?t=4775 ms  Bits=64  FRAME: 0xAA 0xBF 0x6A 0xD5 0xEE 0xED 0x6B 0xFF | STATE=LOW_BATT
?t=4775 ms  Bits=65  FRAME: 0xAA 0xBF 0x6A 0xD5 0xEE 0xED 0x6B 0xFF | STATE=LOW_BATT
?t=4776 ms  Bits=64  FRAME: 0xAA 0xBF 0x6A 0xD5 0xEE 0xED 0x6B 0xFF | STATE=LOW_BATT
?t=4775 ms  Bits=65  FRAME: 0xAA 0xBF 0x6A 0xD5 0xEE 0xED 0x6B 0xFF | STATE=LOW_BATT
?t=4776 ms  Bits=65  FRAME: 0xAA 0xBF 0x6A 0xD5 0xEE 0xED 0x6B 0xFF | STATE=LOW_BATT
?t=4776 ms  Bits=65  FRAME: 0xAA 0xBF 0x6A 0xD5 0xEE 0xED 0x6B 0xFF | STATE=LOW_BATT
?t=4775 ms  Bits=65  FRAME: 0xAA 0xBF 0x6A 0xD5 0xEE 0xED 0x6B 0xFF | STATE=LOW_BATT
BURST led=1 horn=1

?t=5197 ms  Bits=64  FRAME: 0xAA 0xBF 0x6A 0xD5 0xEE 0xED 0x6B 0xFF | STATE=LOW_BATT
?t=4905 ms  Bits=65  FRAME: 0xAA 0xBF 0x6A 0xD5 0xEE 0xED 0x6B 0xFF | STATE=LOW_BATT
BURST led=1 horn=1

?t=2521 ms  Bits=65  FRAME: 0xAA 0xBF 0x7E 0xD5 0xEE 0xEC 0x6B 0xFF | STATE=LOW_BATT
BURST led=8 horn=4

?t=4378 ms  Bits=63  FRAME: 0xAA 0xBF 0xBE 0x6A 0x77 0xF6 0xB5 | STATE=ALARM
?t=3314 ms  Bits=64  FRAME: 0xAA 0xBF 0x6A 0xD5 0xEE 0xFD 0xB5 0x7F | STATE=ALARM
BURST led=8 horn=4

?t=4781 ms  Bits=64  FRAME: 0xAA 0xBF 0x6A 0xD5 0xEE 0xFD 0xB5 0x7F | STATE=ALARM
?t=4780 ms  Bits=64  FRAME: 0xAA 0xBF 0x6A 0xD5 0xEE 0xFD 0xB5 0x7F | STATE=ALARM
?t=4781 ms  Bits=64  FRAME: 0xAA 0xBF 0x6A 0xD5 0xEE 0xFD 0xB5 0x7F | STATE=ALARM
?t=4778 ms  Bits=64  FRAME: 0xAA 0xBF 0x6A 0xD5 0xEE 0xFD 0xB5 0x7F | STATE=ALARM
?t=4775 ms  Bits=65  FRAME: 0xAA 0xBF 0x6A 0xD5 0xEE 0xED 0x6B 0xFF | STATE=ALARM
?t=4776 ms  Bits=65  FRAME: 0xAA 0xBF 0x6A 0xD5 0xEE 0xED 0x6B 0xFF | STATE=ALARM
?t=4776 ms  Bits=65  FRAME: 0xAA 0xBF 0x6A 0xD5 0xEE 0xED 0x6B 0xFF | STATE=ALARM
?t=4775 ms  Bits=64  FRAME: 0xAA 0xBF 0x6A 0xD5 0xEE 0xED 0x6B 0xFF | STATE=ALARM
?t=2531 ms  Bits=63  FRAME: 0xAA 0xBF 0xAE 0xDA 0xFD 0xFB 0xDA | STATE=ALARM
?t=2531 ms  Bits=67  FRAME: 0xAA 0xBF 0xFE 0xAA 0xDD 0xBF 0xAF 0xFD | STATE=ALARM
BURST led=1 horn=1

?t=2854 ms  Bits=64  FRAME: 0xAA 0xBF 0x6A 0xD5 0xEE 0xFD 0xB5 0x7F | STATE=LOW_BATT
?t=4781 ms  Bits=64  FRAME: 0xAA 0xBF 0x6A 0xD5 0xEE 0xFD 0xB5 0x7F | STATE=LOW_BATT
?t=4781 ms  Bits=63  FRAME: 0xAA 0xBF 0x6A 0xD5 0xEE 0xFD 0xB5 | STATE=LOW_BATT
?t=4781 ms  Bits=64  FRAME: 0xAA 0xBF 0x6A 0xD5 0xEE 0xFD 0xB5 0x7F | STATE=LOW_BATT
?t=4780 ms  Bits=64  FRAME: 0xAA 0xBF 0x6A 0xD5 0xEE 0xFD 0xB5 0x7F | STATE=LOW_BATT
?t=4776 ms  Bits=65  FRAME: 0xAA 0xBF 0x6A 0xD5 0xEE 0xED 0x6B 0xFF | STATE=LOW_BATT
?t=4776 ms  Bits=65  FRAME: 0xAA 0xBF 0x6A 0xD5 0xEE 0xED 0x6B 0xFF | STATE=LOW_BATT
?t=4776 ms  Bits=64  FRAME: 0xAA 0xBF 0x6A 0xD5 0xEE 0xED 0x6B 0xFF | STATE=LOW_BATT
?t=5196 ms  Bits=65  FRAME: 0xAA 0xBF 0x6A 0xD5 0xEE 0xED 0x6B 0xFF | STATE=LOW_BATT
BURST led=1 horn=1

?t=4776 ms  Bits=65  FRAME: 0xAA 0xBF 0x6A 0xD5 0xEE 0xED 0x6B 0xFF | STATE=LOW_BATT
?t=2663 ms  Bits=63  FRAME: 0xAA 0xBF 0x5E 0xB5 0x3B 0xFB 0xDA | STATE=LOW_BATT
BURST led=1 horn=1

?t=2521 ms  Bits=64  FRAME: 0xAA 0xBF 0xAA 0x6A 0x77 0xF6 0xB5 0x7F | STATE=LOW_BATT
BURST led=8 horn=4

?t=6672 ms  Bits=64  FRAME: 0xAA 0xBF 0x6A 0xD5 0xEE 0xFD 0xB5 0x7F | STATE=ALARM
BURST led=8 horn=4

?t=3268 ms  Bits=64  FRAME: 0xAA 0xBF 0x6A 0xD5 0xDF 0xFA 0x6B 0xFF | STATE=ALARM
?t=4780 ms  Bits=65  FRAME: 0xAA 0xBF 0x6A 0xD5 0xDF 0xFA 0x6B 0xFF | STATE=ALARM
?t=4781 ms  Bits=65  FRAME: 0xAA 0xBF 0x6A 0xD5 0xDF 0xFA 0x6B 0xFF | STATE=ALARM
?t=4781 ms  Bits=65  FRAME: 0xAA 0xBF 0x6A 0xD5 0xDF 0xFA 0x6B 0xFF | STATE=ALARM
?t=4776 ms  Bits=66  FRAME: 0xAA 0xBF 0x6A 0xD5 0xDF 0xDA 0xD7 0xFE | STATE=ALARM
?t=4776 ms  Bits=65  FRAME: 0xAA 0xBF 0x6A 0xD5 0xDF 0xDA 0xD7 0xFE | STATE=ALARM
?t=4776 ms  Bits=66  FRAME: 0xAA 0xBF 0x6A 0xD5 0xDF 0xDA 0xD7 0xFE | STATE=ALARM
?t=4776 ms  Bits=66  FRAME: 0xAA 0xBF 0x6A 0xD5 0xDF 0xDA 0xD7 0xFE | STATE=ALARM
?t=5185 ms  Bits=66  FRAME: 0xAA 0xBF 0x6A 0xD5 0xDF 0xDA 0xD7 0xFE | STATE=ALARM
BURST led=1 horn=0

?t=4776 ms  Bits=66  FRAME: 0xAA 0xBF 0x6A 0xD5 0xDF 0xDA 0xD7 0xFE | STATE=NORMAL
?t=4776 ms  Bits=66  FRAME: 0xAA 0xBF 0x6A 0xD5 0xDF 0xDA 0xD7 0xFE | STATE=NORMAL
?t=4776 ms  Bits=65  FRAME: 0xAA 0xBF 0x6A 0xD5 0xDF 0xDA 0xD7 0xFE | STATE=NORMAL
?t=4776 ms  Bits=66  FRAME: 0xAA 0xBF 0x6A 0xD5 0xDF 0xDA 0xD7 0xFE | STATE=NORMAL
?t=4776 ms  Bits=66  FRAME: 0xAA 0xBF 0x6A 0xD5 0xDF 0xDA 0xD7 0xFE | STATE=NORMAL
?t=4776 ms  Bits=66  FRAME: 0xAA 0xBF 0x6A 0xD5 0xDF 0xDA 0xD7 0xFE | STATE=NORMAL
?t=4776 ms  Bits=66  FRAME: 0xAA 0xBF 0x6A 0xD5 0xDF 0xDA 0xD7 0xFE | STATE=NORMAL
?t=4776 ms  Bits=66  FRAME: 0xAA 0xBF 0x6A 0xD5 0xDF 0xDA 0xD7 0xFE | STATE=NORMAL
?t=2531 ms  Bits=64  FRAME: 0xAA 0xBF 0xAE 0xFA 0xDB 0xF7 0xB5 0x7F | STATE=NORMAL
?t=2530 ms  Bits=68  FRAME: 0xAA 0xBF 0xFE 0xAA 0xBF 0x7D 0x5F 0xFB | STATE=NORMAL
BURST led=1 horn=0

?t=2844 ms  Bits=65  FRAME: 0xAA 0xBF 0x6A 0xD5 0xDF 0xFA 0x6B 0xFF | STATE=NORMAL
?t=4780 ms  Bits=65  FRAME: 0xAA 0xBF 0x6A 0xD5 0xDF 0xFA 0x6B 0xFF | STATE=NORMAL
?t=4781 ms  Bits=65  FRAME: 0xAA 0xBF 0x6A 0xD5 0xDF 0xFA 0x6B 0xFF | STATE=NORMAL
?t=4781 ms  Bits=64  FRAME: 0xAA 0xBF 0x6A 0xD5 0xDF 0xFA 0x6B 0xFF | STATE=NORMAL
?t=4781 ms  Bits=65  FRAME: 0xAA 0xBF 0x6A 0xD5 0xDF 0xFA 0x6B 0xFF | STATE=NORMAL
?t=4776 ms  Bits=66  FRAME: 0xAA 0xBF 0x6A 0xD5 0xDF 0xDA 0xD7 0xFE | STATE=NORMAL
?t=4775 ms  Bits=66  FRAME: 0xAA 0xBF 0x6A 0xD5 0xDF 0xDA 0xD7 0xFE | STATE=NORMAL
?t=4776 ms  Bits=66  FRAME: 0xAA 0xBF 0x6A 0xD5 0xDF 0xDA 0xD7 0xFE | STATE=NORMAL
?t=5201 ms  Bits=66  FRAME: 0xAA 0xBF 0x6A 0xD5 0xDF 0xDA 0xD7 0xFE | STATE=NORMAL
BURST led=1 horn=0

?t=4776 ms  Bits=66  FRAME: 0xAA 0xBF 0x6A 0xD5 0xDF 0xDA 0xD7 0xFE | STATE=NORMAL
?t=4776 ms  Bits=66  FRAME: 0xAA 0xBF 0x6A 0xD5 0xDF 0xDA 0xD7 0xFE | STATE=NORMAL
?t=4776 ms  Bits=66  FRAME: 0xAA 0xBF 0x6A 0xD5 0xDF 0xDA 0xD7 0xFE | STATE=NORMAL
?t=4775 ms  Bits=66  FRAME: 0xAA 0xBF 0x6A 0xD5 0xDF 0xDA 0xD7 0xFE | STATE=NORMAL
?t=4776 ms  Bits=66  FRAME: 0xAA 0xBF 0x6A 0xD5 0xDF 0xDA 0xD7 0xFE | STATE=NORMAL
?t=4775 ms  Bits=66  FRAME: 0xAA 0xBF 0x6A 0xD5 0xDF 0xDA 0xD7 0xFE | STATE=NORMAL
?t=4776 ms  Bits=65  FRAME: 0xAA 0xBF 0x6A 0xD5 0xDF 0xDA 0xD7 0xFE | STATE=NORMAL